customer_id,Recency,Frequency,Monetary,Cluster,CLV,Customer_Value
BW-11110,55,35,30613.6165,0,1071476.5775,High
SE-20110,10,36,29532.62502,0,1063174.50072,High
ZC-21910,4,37,28472.81926,0,1053494.31262,High
PO-18850,5,41,25274.4702,0,1036253.2782,High
GT-14710,9,30,34471.89028,0,1034156.7084,High
HM-14860,2,37,27434.1676,0,1015064.2012,High
BE-11335,36,37,27158.0184,0,1004846.6808,High
TC-20980,28,28,34218.269,0,958111.532,High
AF-10870,7,36,26487.2585,0,953541.306,High
EM-13960,3,37,25228.52948,0,933455.59076,High
KD-16495,47,36,24996.5031,0,899874.1116000001,High
NF-18385,8,32,28044.3595,0,897419.504,High
TA-21385,19,25,35668.120800000004,0,891703.0200000001,High
CC-12370,44,30,28229.8514,0,846895.542,High
DR-12940,28,33,25641.46492,0,846168.3423599999,High
TP-21130,3,37,22697.57728,0,839810.35936,High
FH-14365,2,30,27649.32652,0,829479.7956,High
LA-16780,14,34,24273.0019,0,825282.0645999999,High
JG-15805,1,37,22015.3862,0,814569.2894,High
JE-15715,10,36,22275.2689,0,801909.6804,High
MP-18175,17,36,22045.2528,0,793629.1007999999,High
SP-20920,7,28,28124.21286,0,787477.96008,High
JW-15220,13,34,23103.7263,0,785526.6941999999,High
PF-19120,85,28,27993.04966,0,783805.3904800001,High
SC-20695,10,35,21931.0435,0,767586.5225,High
LB-16795,40,31,24589.87022,0,762285.97682,High
PS-19045,21,26,29252.3194,0,760560.3044,High
AB-10105,28,33,22966.78,0,757903.74,High
MY-18295,1,29,25570.49418,0,741544.33122,High
PO-18865,1,35,21051.0598,0,736787.093,High
ME-17320,6,30,24527.029,0,735810.87,High
BM-11140,9,29,25312.2927,0,734056.4883000001,High
JH-15820,14,31,23586.7205,0,731188.3354999999,High
GZ-14470,8,35,20869.699,0,730439.465,High
RB-19360,21,25,29197.6346,0,729940.865,High
BH-11710,24,31,23537.335,0,729657.385,High
AM-10705,26,30,24218.5645,0,726556.935,High
JK-16090,9,33,21918.73684,0,723318.3157200001,High
SW-20755,16,31,23321.58,0,722968.9800000001,High
MC-17635,6,34,21113.5107,0,717859.3637999999,High
SC-20095,76,28,25602.61,0,716873.0800000001,High
JH-15985,12,38,18863.4044,0,716809.3672,High
KH-16690,3,39,18158.4601,0,708179.9439,High
JK-15730,49,34,20825.892,0,708080.328,High
JB-16000,2,32,22127.18112,0,708069.79584,High
SV-20365,88,31,22376.44748,0,693669.87188,High
AH-10210,7,34,20365.74018,0,692435.1661200001,High
BF-11170,17,31,22314.84044,0,691760.05364,High
MS-17365,6,34,20317.0067,0,690778.2278000001,High
DK-13090,9,36,19178.6392,0,690431.0112000001,High
AF-10885,54,35,19711.16728,0,689890.8548000001,High
JE-15745,33,35,19629.12896,0,687019.5136,High
BN-11470,12,29,23378.10388,0,677965.01252,High
JL-15835,22,30,22594.043,0,677821.29,High
KD-16270,37,29,23204.2675,0,672923.7575000001,High
MM-17920,8,33,20383.654,0,672660.5819999999,High
MP-17965,28,39,17228.4977,0,671911.4103,High
RB-19795,33,35,19056.88134,0,666990.8469,High
BM-11785,3,36,18446.8529,0,664086.7044,High
BG-11035,29,33,19899.1474,0,656671.8642000001,High
PP-18955,55,30,21884.1846,0,656525.5380000001,High
SM-20320,22,21,31125.29496,0,653631.19416,High
MF-18250,8,32,20425.2996,0,653609.5872,High
SB-20185,75,31,21034.46172,0,652068.31332,High
NM-18445,31,32,20223.2359,0,647143.5488,High
EM-14140,25,30,21507.29126,0,645218.7378,High
SS-20140,16,32,20138.60304,0,644435.29728,High
AB-10015,17,32,20037.4975,0,641199.92,High
JG-15160,2,32,19963.41,0,638829.12,High
HG-14845,13,30,21228.55452,0,636856.6356,High
DM-12955,41,32,19862.57592,0,635602.42944,High
WB-21850,21,38,16704.6612,0,634777.1255999999,High
KL-16645,48,28,22553.1085,0,631487.038,High
TS-21370,37,27,23201.678,0,626445.306,High
MS-17770,35,36,17382.93504,0,625785.66144,High
OT-18730,34,32,19493.76566,0,623800.50112,High
Dp-13240,19,28,22225.61032,0,622317.08896,High
GH-14425,19,31,20039.763,0,621232.6529999999,High
DJ-13420,23,28,22142.43114,0,619988.07192,High
RB-19465,1,36,17178.4394,0,618423.8184,High
TS-21610,21,30,20565.95,0,616978.5,High
AH-10075,3,34,18109.86142,0,615735.28828,High
JS-16030,22,32,19218.81298,0,615002.01536,High
KA-16525,17,35,17449.90012,0,610746.5042,High
DB-13060,17,26,23476.91166,0,610399.70316,High
JM-15865,69,29,20841.9465,0,604416.4484999999,High
CP-12340,9,30,20109.46928,0,603284.0784,High
PS-18970,28,33,18222.40482,0,601339.35906,High
AS-10225,13,28,21366.8987,0,598273.1636000001,High
SC-20380,31,37,16122.72424,0,596540.79688,High
HL-15040,31,20,29664.23058,0,593284.6116,High
SP-20620,6,31,19113.6707,0,592523.7917,High
TT-21460,13,32,18432.01346,0,589824.43072,High
AB-10060,43,32,18416.5504,0,589329.6128,High
EH-13765,3,29,20259.916,0,587537.564,High
RB-19330,16,32,18359.76862,0,587512.59584,High
BS-11365,1,26,22551.02596,0,586326.67496,High
ON-18715,48,33,17763.94824,0,586210.2919200001,High
BF-11005,9,25,23347.83866,0,583695.9665,High
LR-16915,27,26,22434.08756,0,583286.27656,High
AR-10825,23,38,15311.0356,0,581819.3528,High
FO-14305,23,37,15614.2155,0,577725.9735,High
PF-19165,92,36,16018.8427,0,576678.3372,High
MW-18220,18,28,20592.0813,0,576578.2764000001,High
JF-15565,2,29,19844.14866,0,575480.31114,High
CA-12265,35,31,18472.6689,0,572652.7359,High
HG-14965,24,34,16810.6866,0,571563.3444000001,High
DL-13330,13,34,16781.631,0,570575.454,High
TB-21520,31,34,16716.76172,0,568369.89848,High
SR-20740,24,33,17220.18,0,568265.9400000001,High
RA-19915,13,27,20975.19342,0,566330.22234,High
JH-16180,51,31,18267.0064,0,566277.1984,High
DK-12835,22,32,17590.5547,0,562897.7504,High
TC-21295,28,29,19391.8981,0,562365.0449,High
SZ-20035,14,37,15192.376,0,562117.912,High
KN-16390,20,29,19350.14634,0,561154.2438599999,High
ED-13885,16,31,18018.879,0,558585.2490000001,High
CL-12700,9,31,17943.6508,0,556253.1748,High
TB-21400,26,26,21375.988,0,555775.6880000001,High
DP-13165,8,25,22211.28212,0,555282.053,High
JM-15655,9,34,16294.72706,0,554020.7200399999,High
AA-10645,29,36,15343.8907,0,552380.0652,High
AM-10360,16,33,16730.3296,0,552100.8768000001,High
NS-18640,37,37,14866.087,0,550045.219,High
CA-11965,19,26,21110.5214,0,548873.5564,High
RP-19390,16,34,16114.9075,0,547906.855,High
CM-12385,38,25,21882.96992,0,547074.248,High
CL-11890,14,31,17622.41136,0,546294.7521599999,High
RO-19780,36,29,18833.4355,0,546169.6295,High
CK-12595,44,33,16480.86618,0,543868.58394,High
YC-21895,5,27,19998.0786,0,539948.1222,High
EH-14125,103,31,17408.31362,0,539657.72222,High
SD-20485,16,32,16802.0649,0,537666.0768,High
EP-13915,13,33,16283.35774,0,537350.80542,High
JD-15895,7,32,16711.32422,0,534762.37504,High
CS-11845,16,26,20471.0526,0,532247.3676,High
NG-18430,28,28,18970.41454,0,531171.6071200001,High
AG-10900,58,29,18174.17176,0,527050.98104,High
TS-21340,9,31,16997.02948,0,526907.91388,High
GD-14590,6,29,18005.0006,0,522145.0174,High
VG-21805,3,23,22573.37116,0,519187.53667999996,High
DK-12985,2,35,14823.9685,0,518838.8975,High
NZ-18565,86,26,19941.69812,0,518484.15112000005,High
CK-12205,5,38,13625.20784,0,517757.89791999996,High
LT-16765,7,30,17253.78294,0,517613.4882,High
JC-15340,35,29,17836.2846,0,517252.2534,High
CC-12475,17,30,17159.80046,0,514794.01379999996,High
SW-20275,22,33,15564.9667,0,513643.9011,High
PK-19075,9,29,17668.910499999998,0,512398.40449999995,High
PG-18820,21,35,14635.9446,0,512258.06100000005,High
PB-19210,9,27,18967.662,0,512126.874,High
JD-16150,1,28,18281.84948,0,511891.78544,High
CL-12565,6,30,17008.13588,0,510244.0764,High
BS-11755,2,29,17557.4595,0,509166.32550000004,High
SC-20230,17,25,20333.868,0,508346.69999999995,High
AP-10915,77,32,15877.8603,0,508091.5296,High
JJ-15760,3,28,18103.64108,0,506901.95024000003,High
RD-19585,26,31,16315.1079,0,505768.3449,High
EB-13840,3,25,20188.15894,0,504703.9735,High
AH-10690,31,31,16276.16112,0,504560.99472,High
SC-20050,41,30,16813.21902,0,504396.57060000004,High
CJ-12010,34,26,19356.0046,0,503256.1196,High
KT-16465,44,32,15725.0362,0,503201.1584,High
DL-13315,19,27,18505.6005,0,499651.2135,High
BE-11410,85,30,16552.06996,0,496562.09880000004,High
JW-16075,2,25,19852.773,0,496319.325,High
LC-16885,17,29,17058.8144,0,494705.6176,High
CD-11920,3,27,18296.7474,0,494012.1798,High
MD-17350,27,30,16455.32732,0,493659.8196,High
GH-14410,21,36,13659.59598,0,491745.45528,High
NC-18625,21,29,16901.51758,0,490144.00982,High
JF-15295,57,24,20382.2503,0,489174.0072,High
DO-13435,65,32,15280.8855,0,488988.336,High
CB-12535,43,27,18108.67284,0,488934.16667999997,High
CC-12610,17,29,16822.64,0,487856.56,High
YS-21880,10,26,18703.606,0,486293.756,High
TT-21070,15,31,15673.0639,0,485864.98089999997,High
HD-14785,43,29,16749.140199999998,0,485725.0657999999,High
RW-19540,43,25,19423.6885,0,485592.2125,High
AS-10285,19,30,16179.86246,0,485395.8738,High
CS-12175,61,29,16706.0963,0,484476.79270000005,High
CR-12625,44,28,17271.20568,0,483593.75904,High
AD-10180,30,27,17858.5048,0,482179.6296,High
IM-15070,41,27,17854.10112,0,482060.73024,High
HW-14935,35,28,17199.202,0,481577.656,High
AS-10090,16,32,15009.47272,0,480303.12704,High
DJ-13510,7,31,15420.2879,0,478028.9249,High
JF-15190,7,28,17064.7075,0,477811.81,High
CA-12775,94,26,18350.464,0,477112.064,High
MG-17875,6,33,14452.82062,0,476943.08046,High
BE-11455,4,27,17643.5253,0,476375.1831,High
JK-15325,78,28,17000.84332,0,476023.61296,High
TS-21505,12,27,17613.4163,0,475562.2401,High
MG-18205,3,29,16362.8956,0,474523.97239999997,High
VP-21760,76,28,16935.5635,0,474195.778,High
VW-21775,7,30,15785.3774,0,473561.322,High
DP-13105,7,25,18930.0322,0,473250.80500000005,High
KC-16540,42,25,18897.13026,0,472428.2565,High
MC-17575,28,33,14281.65306,0,471294.55098,High
SJ-20215,29,32,14709.69868,0,470710.35776,High
DM-13015,6,30,15626.5318,0,468795.954,High
SA-20830,64,30,15622.37866,0,468671.35980000003,High
CR-12730,23,24,19487.96376,0,467711.13023999997,High
RF-19840,7,31,15077.47568,0,467401.74608,High
MV-18190,20,30,15577.0356,0,467311.06799999997,High
CM-12160,27,26,17910.03942,0,465661.02492,High
SC-20770,41,32,14495.11408,0,463843.65056,High
MC-17845,2,31,14947.88402,0,463384.40462,High
CS-12460,7,23,20084.21728,0,461936.99744,High
DR-12880,4,32,14415.3383,0,461290.8256,High
GK-14620,13,24,19215.7699,0,461178.4776,High
TG-21640,6,33,13973.7773,0,461134.6509,High
TC-21145,12,25,18419.94306,0,460498.5765,High
DM-13345,3,27,17054.8905,0,460482.0435,High
SL-20155,30,32,14380.691,0,460182.112,High
SC-20305,30,26,17696.722,0,460114.77200000006,High
KM-16375,3,28,16394.46064,0,459044.89792,High
HJ-14875,6,32,14312.7962,0,458009.4784,High
BV-11245,45,22,20681.678,0,454996.91599999997,High
VT-21700,8,25,18099.3061,0,452482.6525,High
MB-17305,2,27,16729.34532,0,451692.32364,High
MC-17425,24,30,15055.40518,0,451662.1554,High
ST-20530,7,32,14064.01106,0,450048.35392,High
MG-17680,37,28,16061.6441,0,449726.03479999996,High
ML-17410,34,30,14981.7043,0,449451.12899999996,High
JL-15235,14,24,18725.38964,0,449409.35136000003,High
DW-13585,6,37,12143.0436,0,449292.6132,High
TB-21175,40,27,16573.5984,0,447487.1568,High
AG-10495,79,29,15380.31006,0,446028.99173999997,High
PS-18760,30,28,15926.5494,0,445943.3832,High
RD-19480,1,27,16487.1909,0,445154.15430000005,High
FM-14215,8,31,14353.3978,0,444955.33180000004,High
JB-15400,8,34,13085.5039,0,444907.1326,High
TS-21205,27,32,13888.62492,0,444435.99744,High
MR-17545,98,23,19246.7123,0,442674.38289999997,High
KB-16585,94,27,16385.749499999998,0,442415.23649999994,High
MB-18085,45,30,14744.23088,0,442326.9264,High
FW-14395,64,26,16972.7481,0,441291.45060000004,High
CS-11950,26,31,14222.97134,0,440912.11154,High
VM-21685,33,32,13708.12232,0,438659.91424,High
MS-17980,27,27,16210.5722,0,437685.44940000004,High
MD-17860,37,28,15575.64874,0,436118.16472,High
JM-15265,38,29,15036.5537,0,436060.0573,High
MG-18145,3,24,18147.9582,0,435550.9968,High
DV-13045,20,24,18106.01292,0,434544.31008,High
CY-12745,61,31,13928.4683,0,431782.5173,High
FM-14290,37,30,14382.31922,0,431469.5766,High
BP-11185,2,28,15376.03172,0,430528.88816000003,High
MW-18235,17,24,17933.0609,0,430393.46160000004,High
DP-13000,62,31,13882.7624,0,430365.6344,High
EB-13975,1,32,13405.6013,0,428979.2416,High
DL-13495,23,27,15872.184,0,428548.968,High
BD-11320,6,32,13390.267,0,428488.544,High
JA-15970,1,25,17105.4707,0,427636.7675,High
HG-15025,7,29,14737.8066,0,427396.3914,High
JP-15520,9,26,16429.04996,0,427155.29896,High
SV-20935,1,28,15197.6927,0,425535.3956,High
SS-20410,34,27,15759.48198,0,425506.01346,High
SH-20395,24,33,12849.17384,1,424022.73672,High
KN-16450,38,26,16294.6981,0,423662.1506,High
DK-13375,5,26,16258.534,0,422721.88399999996,High
NH-18610,21,22,19181.9263,0,422002.3786,High
KB-16315,3,29,14542.76228,0,421740.10612,High
AG-10330,9,29,14534.50618,0,421500.67922,High
BS-11380,29,23,18305.9783,0,421037.5009,High
SO-20335,30,27,15534.94692,0,419443.56684,High
SC-20725,8,30,13975.42408,0,419262.7224,High
BS-11665,30,24,17468.881,0,419253.14400000003,High
LR-17035,46,26,16118.9722,0,419093.2772,High
QJ-19255,26,23,18192.9231,0,418437.2313,High
DB-13405,29,26,16083.95666,0,418182.87316,High
SC-20680,22,31,13477.05528,1,417788.71368000004,High
DS-13180,15,31,13447.412,1,416869.772,High
BC-11125,34,28,14789.447,0,414104.516,High
AR-10510,15,29,14277.88536,0,414058.67544,High
MY-17380,30,28,14724.1472,0,412276.12159999995,High
TB-21625,31,31,13266.1971,1,411252.1101,High
BB-11545,29,26,15797.57188,0,410736.86887999997,High
ES-14020,1,32,12827.27294,1,410472.73408,High
GM-14440,20,26,15782.46188,0,410344.00888000004,High
MK-17905,22,31,13202.4489,1,409275.91589999996,High
TZ-21445,9,28,14601.6714,0,408846.7992,High
MM-17260,5,26,15713.71812,0,408556.67112,High
SB-20290,42,22,18538.5328,0,407847.72160000005,High
LH-17155,76,29,14063.4898,1,407841.2042,High
GW-14605,19,25,16239.4915,0,405987.2875,High
CC-12430,1,29,13997.59256,1,405930.18424,High
LP-17095,10,26,15598.1516,0,405551.94159999996,High
MG-17695,1,25,16221.6268,0,405540.67,High
RR-19525,1,27,15009.2866,0,405250.73819999996,High
ML-17755,2,28,14425.1044,1,403902.9232,High
CM-11830,7,24,16828.819,0,403891.65599999996,High
RA-19285,6,24,16816.427,0,403594.248,High
DK-12895,46,22,18340.62916,0,403493.84152,High
CD-12280,42,24,16779.54838,0,402709.16112,High
PO-19180,161,24,16753.1715,0,402076.11600000004,High
RM-19375,19,25,16077.68112,0,401942.028,High
JH-15910,42,32,12532.7177,1,401046.9664,High
LD-16855,43,30,13361.93258,1,400857.97740000003,High
KE-16420,27,31,12928.68672,1,400789.28832,High
MJ-17740,22,26,15347.655,0,399039.03,High
KH-16510,23,26,15340.396,0,398850.29600000003,High
NW-18400,173,26,15326.83306,1,398497.65956,High
MC-17275,45,34,11680.0495,1,397121.68299999996,High
PW-19030,8,31,12810.05846,1,397111.81226000004,High
TB-21055,36,29,13671.71072,1,396479.61088,High
LC-17140,14,30,13128.24376,1,393847.31279999996,High
TG-21310,15,32,12305.2316,1,393767.4112,High
RS-19420,77,28,14047.14948,1,393320.18544000003,High
EM-14200,42,23,17087.77766,0,393018.88618,High
AO-10810,37,27,14537.7966,1,392520.5082,High
FA-14230,23,29,13535.0628,1,392516.8212,High
KH-16330,17,26,15045.6445,1,391186.757,High
RD-19900,33,29,13485.748,1,391086.692,High
PG-18895,3,28,13941.6862,1,390367.2136,High
AH-10030,13,27,14439.49784,1,389866.44168,High
ES-14080,29,24,16236.0058,0,389664.13920000003,High
MF-17665,52,29,13366.53134,1,387629.40885999997,High
KB-16405,20,28,13786.0925,1,386010.59,High
SV-20785,23,27,14262.9351,1,385099.2477,High
DG-13300,31,28,13731.428,1,384479.984,High
PR-18880,26,29,13243.62082,1,384065.00378,High
TM-21010,65,27,14158.9626,1,382291.9902,High
MG-17890,6,29,13162.2489,1,381705.2181,High
GT-14635,57,20,19080.34784,0,381606.9568,High
ML-18265,101,26,14674.00116,1,381524.03015999997,High
DL-12865,58,34,11185.7181,1,380314.4154,High
HA-14905,70,24,15826.81444,1,379843.54656,High
AJ-10780,49,25,15186.0672,1,379651.68,High
NP-18700,29,27,14036.4335,1,378983.7045,High
AT-10735,3,29,12984.1049,1,376539.0421,High
TW-21025,42,27,13931.8966,1,376161.2082,High
MZ-17335,22,26,14463.9343,1,376062.2918,High
DW-13480,66,23,16336.8556,0,375747.6788,High
TM-21490,41,27,13908.8563,1,375539.1201,High
PN-18775,16,33,11370.46522,1,375225.35226,High
HK-14890,44,27,13886.4431,1,374933.9637,High
CS-12250,27,30,12496.1053,1,374883.159,High
GH-14665,3,29,12921.45162,1,374722.09698,High
MC-18100,42,33,11353.7466,1,374673.6378,High
JM-15250,36,24,15594.46182,1,374267.08368000004,High
MT-17815,50,27,13845.5188,1,373829.0076,High
TP-21565,15,30,12429.8013,1,372894.039,High
JS-15685,41,26,14338.5195,1,372801.507,High
GM-14680,2,31,12010.60944,1,372328.89264,High
RH-19495,25,28,13295.7486,1,372280.9608,High
DC-13285,19,23,16164.6499,0,371786.9477,High
EB-13705,49,30,12382.2841,1,371468.52300000004,High
EH-14185,68,29,12800.51382,1,371214.90078,High
DB-13210,8,27,13743.5959,1,371077.0893,High
NS-18505,7,25,14834.28974,1,370857.2435,High
CT-11995,29,27,13715.79704,1,370326.52008,High
TH-21100,7,27,13684.8726,1,369491.5602,High
AC-10615,7,29,12729.72448,1,369162.00992000004,High
HM-14980,26,29,12718.7916,1,368844.9564,High
AR-10345,30,26,14165.7962,1,368310.7012,High
LB-16735,10,29,12686.03922,1,367895.13738000003,High
EM-13825,56,26,14128.07816,1,367330.03216,High
LS-17200,16,24,15258.74122,1,366209.78928,High
JH-15430,6,31,11806.1963,1,365992.0853,High
SF-20200,6,28,13019.6294,1,364549.6232,High
JL-15175,7,27,13499.87246,1,364496.55642000004,High
ML-17395,1,25,14507.07948,1,362676.987,High
MP-17470,6,28,12928.8028,1,362006.47839999996,High
RF-19345,65,27,13391.2718,1,361564.3386,High
JL-15130,9,28,12908.49914,1,361437.97592,High
GG-14650,34,28,12902.96276,1,361282.95728000003,High
BP-11290,13,29,12448.89978,1,361018.09362,High
SC-20020,9,34,10579.47,1,359701.98,High
BK-11260,27,27,13294.68736,1,358956.55872,High
BM-11650,34,24,14920.99608,1,358103.90592000005,High
PF-19225,3,30,11915.1997,1,357455.991,High
RP-19270,8,26,13725.5769,1,356864.9994,High
RA-19885,44,23,15435.49908,1,355016.47884,High
AA-10480,126,20,17695.58978,0,353911.79559999995,High
BD-11500,20,27,13089.8495,1,353425.9365,High
DH-13075,76,25,14128.6781,1,353216.95249999996,High
EA-14035,94,31,11387.06772,1,352999.09932,High
SW-20245,13,26,13576.68382,1,352993.77932000003,High
AS-10045,24,28,12596.2944,1,352696.2432,High
BG-11740,7,24,14689.3425,1,352544.22000000003,High
KW-16435,27,23,15319.9656,1,352359.20879999996,High
DK-13150,11,22,15983.711,1,351641.642,High
PV-18985,9,28,12540.661,1,351138.50800000003,High
LH-16900,22,29,12098.37728,1,350852.94112000003,High
RK-19300,86,26,13480.92458,1,350504.03908,High
BF-11215,27,27,12968.9385,1,350161.3395,High
SV-20815,35,24,14575.50118,1,349812.02832,High
EG-13900,23,21,16562.35068,1,347809.36428,High
CR-12820,61,24,14470.55056,1,347293.21343999996,High
JP-16135,44,34,10163.5086,1,345559.2924,High
BT-11530,34,25,13808.318,1,345207.94999999995,High
JK-15625,2,27,12754.4081,1,344369.0187,High
BW-11200,41,29,11862.36908,1,344008.70332000003,High
JE-15610,43,26,13192.6924,1,343010.0024,High
MH-17290,38,25,13718.69666,1,342967.4165,High
MO-17800,7,25,13709.1228,1,342728.07,High
RL-19615,121,23,14866.82448,1,341936.96304,High
JK-16120,98,26,13134.71664,1,341502.63264,High
NP-18685,15,30,11363.4332,1,340902.996,High
RS-19765,37,25,13582.12128,1,339553.032,High
DJ-13630,13,27,12560.13,1,339123.50999999995,High
SH-20635,31,25,13546.7458,1,338668.645,High
JF-15415,3,23,14717.46588,1,338501.71524,High
MC-17605,50,26,13019.2019,1,338499.2494,High
SP-20860,55,26,12994.59246,1,337859.40396,High
AB-10165,14,29,11649.265,1,337828.685,High
LT-17110,35,26,12986.77316,1,337656.10216,High
VP-21730,31,29,11629.269,1,337248.801,High
TH-21115,44,25,13483.62368,1,337090.592,High
CD-12790,77,25,13468.1145,1,336702.8625,High
SJ-20500,176,26,12930.791,1,336200.566,High
TH-21235,9,26,12896.252,1,335302.552,High
SM-20950,26,29,11552.77814,1,335030.56606,High
MZ-17515,24,25,13383.97684,1,334599.421,High
AB-10255,6,31,10786.7164,1,334388.2084,High
MS-17530,16,25,13335.04236,1,333376.059,High
CS-12490,3,30,11110.4965,1,333314.89499999996,High
DB-12910,3,27,12338.2837,1,333133.65989999997,High
TH-21550,6,26,12808.9063,1,333031.5638,High
NM-18520,20,27,12328.606,1,332872.36199999996,High
JB-16045,1,24,13851.27568,1,332430.61632000003,High
TB-21250,3,28,11830.0907,1,331242.5396,High
CM-11815,41,23,14362.8004,1,330344.4092,High
AW-10840,17,25,13200.25552,1,330006.38800000004,High
HH-15010,55,24,13731.73782,1,329561.70768,High
BP-11155,33,24,13696.14346,1,328707.44304,High
JK-15640,1,26,12637.4495,1,328573.68700000003,High
EB-14110,36,24,13665.4673,1,327971.2152,High
AT-10435,13,24,13654.3055,1,327703.332,High
RD-19720,22,30,10902.5255,1,327075.765,High
BD-11725,5,30,10877.827,1,326334.81,High
CP-12085,70,23,14183.8819,1,326229.2837,High
DA-13450,14,25,13035.36826,1,325884.2065,High
RB-19435,20,28,11618.07552,1,325306.11456,High
JC-15385,9,25,12978.93092,1,324473.27300000004,High
SG-20605,76,32,10128.53856,1,324113.23392,High
KM-16720,29,23,14041.02,1,322943.46,High
CW-11905,9,25,12917.6316,1,322940.79000000004,High
AJ-10945,29,29,11087.024,1,321523.696,High
SC-20575,28,33,9685.4243,1,319619.00190000003,High
JW-15955,6,30,10640.8287,1,319224.861,High
JM-15580,1,24,13295.857,1,319100.56799999997,High
SN-20560,72,25,12738.71,1,318467.75,High
KF-16285,38,21,15164.8685,1,318462.23850000004,High
SJ-20125,33,30,10562.092,1,316862.76,High
SS-20590,6,26,12181.4264,1,316717.08640000003,High
SH-19975,26,29,10893.50994,1,315911.78826,High
AH-10195,50,25,12628.19178,1,315704.79449999996,High
LO-17170,3,28,11256.3236,1,315177.0608,High
KW-16570,23,34,9256.0553,1,314705.8802,High
DN-13690,20,24,13098.338,1,314360.11199999996,High
KL-16555,16,26,12064.3877,1,313674.08019999997,High
AB-10150,36,24,13057.2946,1,313375.07039999997,High
KM-16660,16,29,10785.2626,1,312772.6154,High
MH-18115,6,26,12017.105,1,312444.73,High
AG-10300,3,24,13013.8762,1,312333.02880000003,High
FH-14275,5,23,13569.566,1,312100.01800000004,High
EM-13810,79,23,13549.72804,1,311643.74492,High
KC-16675,3,23,13531.28104,1,311219.46392,High
TC-21475,2,29,10722.52656,1,310953.27024,High
JC-16105,58,28,11079.10488,1,310214.93664,High
BT-11680,19,22,14087.7631,1,309930.7882,High
VD-21670,37,21,14754.8714,1,309852.2994,High
LD-17005,50,27,11461.65464,1,309464.67528,High
GH-14485,52,21,14692.6742,1,308546.1582,High
AP-10720,42,20,15362.0613,1,307241.22599999997,High
Co-12640,5,25,12279.23076,1,306980.76900000003,High
AC-10450,6,19,16126.3904,1,306401.4176,High
MS-17830,24,26,11783.3973,1,306368.3298,High
NC-18340,6,22,13905.34712,1,305917.63664,High
JG-15310,3,24,12733.7039,1,305608.8936,High
SN-20710,45,24,12703.94056,1,304894.57343999995,High
MH-17785,1,26,11676.13204,1,303579.43304000003,High
LC-16930,42,26,11660.69496,1,303178.06896,High
DS-13030,94,26,11644.2965,1,302751.70900000003,High
DO-13645,27,25,12083.48092,1,302087.023,High
XP-21865,44,27,11187.1526,1,302053.1202,High
SG-20470,91,28,10730.2773,1,300447.7644,High
GA-14515,23,24,12488.67232,1,299728.13568,High
CM-12445,16,25,11971.70808,1,299292.702,High
RP-19855,22,27,11043.0844,1,298163.2788,High
LC-17050,5,23,12933.87382,1,297479.09786000004,High
PM-18940,22,23,12893.5944,1,296552.6712,High
KD-16615,76,24,12348.44362,1,296362.64688,High
IL-15100,117,25,11802.69376,1,295067.344,High
NP-18325,2,25,11778.491,1,294462.275,High
LL-16840,27,26,11287.78406,1,293482.38556,High
CM-12115,9,20,14657.9493,1,293158.98600000003,High
AB-10600,51,22,13318.6631,1,293010.5882,High
CC-12145,83,24,12190.6666,1,292575.99840000004,High
DB-13270,10,25,11690.3695,1,292259.23750000005,High
CB-12415,27,23,12705.54736,1,292227.58928,High
CB-12025,10,25,11685.3186,1,292132.965,High
GB-14530,34,25,11657.753,1,291443.825,High
TT-21220,38,22,13224.56416,1,290940.41152,High
EH-14005,3,28,10374.9381,1,290498.2668,High
RH-19510,21,25,11599.39296,1,289984.82399999996,High
BP-11230,40,23,12573.6136,1,289193.1128,High
CJ-11875,14,23,12538.83296,1,288393.15807999996,High
FP-14320,24,29,9939.0502,1,288232.4558,High
VF-21715,14,24,12000.133,1,288003.192,High
CC-12100,52,25,11500.12324,1,287503.081,High
CS-12355,7,31,9240.897,1,286467.80700000003,High
NR-18550,3,26,10993.42058,1,285828.93508,High
MV-17485,17,27,10563.3673,1,285210.9171,High
PL-18925,16,20,14256.7186,1,285134.372,High
ME-18010,43,27,10547.63192,1,284786.06184,High
CM-12190,1,25,11375.05222,1,284376.3055,High
JP-15460,37,26,10916.36982,1,283825.61532,High
EJ-14155,28,23,12324.8446,1,283471.4258,High
LF-17185,23,22,12864.7205,1,283023.85099999997,High
DB-13615,28,28,10031.4568,1,280880.7904,High
BD-11635,10,25,11230.6983,1,280767.4575,High
RW-19690,16,25,11200.142,1,280003.55,High
KH-16360,2,28,9983.5094,1,279538.26320000004,High
AS-10240,13,31,9006.66636,1,279206.65716,High
RF-19735,2,23,12139.0877,1,279199.0171,High
CC-12670,17,28,9969.0279,1,279132.78119999997,High
MM-18055,16,25,11163.587,1,279089.675,High
GZ-14545,77,24,11593.7308,1,278249.5392,High
DP-13390,1,27,10282.7912,1,277635.3624,High
JF-15490,5,30,9234.53286,1,277035.98579999997,High
GM-14695,48,19,14564.942,1,276733.898,High
NK-18490,27,24,11483.193,1,275596.632,High
JK-15370,2,27,10189.51404,1,275116.87908,High
RB-19570,21,25,10961.631,1,274040.77499999997,High
AG-10675,48,21,13023.836,1,273500.556,High
TN-21040,23,29,9410.26404,1,272897.65716,High
CD-11980,2,23,11848.16246,1,272507.73657999997,High
BT-11395,29,24,11347.529,1,272340.696,Medium
HF-14995,15,28,9712.8699,1,271960.35719999997,Medium
BB-10990,15,30,9064.5327,1,271935.98099999997,Medium
RD-19660,94,21,12947.9651,1,271907.2671,Medium
SC-20800,31,24,11321.2786,1,271710.6864,Medium
MN-17935,9,21,12870.93412,1,270289.61652,Medium
DC-12850,38,29,9307.3655,1,269913.5995,Medium
GP-14740,2,25,10793.729,1,269843.225,Medium
MH-17455,55,27,9974.27472,1,269305.41744,Medium
RA-19945,2,23,11696.0283,1,269008.6509,Medium
DK-13225,2,29,9246.4686,1,268147.5894,Medium
CK-12325,62,27,9927.89832,1,268053.25464,Medium
VG-21790,111,27,9908.6065,1,267532.3755,Medium
HE-14800,7,27,9902.49522,1,267367.37094,Medium
KB-16240,5,27,9900.698,1,267318.846,Medium
MG-17650,20,21,12717.26968,1,267062.66328,Medium
JR-15670,13,20,13338.0916,1,266761.832,Medium
TC-21535,1,30,8888.0601,1,266641.803,Medium
BP-11095,3,32,8327.8696,1,266491.8272,Medium
AG-10270,41,25,10637.40422,1,265935.1055,Medium
ND-18460,6,22,12061.44172,1,265351.71784,Medium
AG-10765,29,27,9824.7795,1,265269.0465,Medium
NL-18310,26,25,10587.3308,1,264683.27,Medium
JC-15775,2,25,10582.78504,1,264569.626,Medium
JR-16210,19,21,12589.959,1,264389.139,Medium
BD-11770,36,26,10168.32526,1,264376.45676,Medium
DW-13540,13,20,13166.415,1,263328.30000000005,Medium
TB-21280,58,26,10127.01266,1,263302.32916,Medium
MT-18070,128,24,10920.3999,1,262089.5976,Medium
JK-15205,62,24,10917.0012,1,262008.02880000003,Medium
BS-11590,36,23,11358.58602,1,261247.47846,Medium
AA-10315,9,19,13747.413,1,261200.847,Medium
PB-19150,6,33,7907.25556,1,260939.43347999998,Medium
LC-16960,3,22,11812.0975,1,259866.145,Medium
IG-15085,14,25,10383.13098,1,259578.2745,Medium
MA-17560,65,24,10813.79188,1,259531.00512000002,Medium
BO-11425,6,21,12356.58552,1,259488.29592,Medium
PJ-18835,40,19,13639.502,1,259150.538,Medium
BM-11575,35,25,10351.33308,1,258783.32700000002,Medium
DV-13465,30,20,12910.87688,1,258217.53759999998,Medium
LS-17245,35,24,10758.988,1,258215.712,Medium
GB-14575,14,24,10748.99238,1,257975.81712,Medium
BT-11485,31,29,8878.05054,1,257463.46566000002,Medium
KB-16600,2,25,10295.9567,1,257398.9175,Medium
CC-12685,55,20,12798.5442,1,255970.88400000002,Medium
CM-12655,28,18,14188.72268,1,255397.00824000002,Medium
AC-10420,7,24,10607.6947,1,254584.6728,Medium
ER-13855,70,19,13396.0,1,254524.0,Medium
LS-17230,5,24,10577.17148,1,253852.11552000002,Medium
RE-19405,29,21,12073.09218,1,253534.93578,Medium
MC-17590,52,25,10118.84168,1,252971.042,Medium
LW-17215,22,24,10529.49144,1,252707.79456,Medium
DW-13195,7,26,9689.3171,1,251922.2446,Medium
KC-16255,45,27,9321.9643,1,251693.0361,Medium
ND-18370,13,23,10913.15082,1,251002.46886000002,Medium
CM-12235,43,22,11377.591,1,250307.002,Medium
LE-16810,15,24,10429.2537,1,250302.08879999997,Medium
FC-14245,43,23,10867.8088,1,249959.6024,Medium
SP-20650,21,24,10377.86844,1,249068.84256000002,Medium
SG-20890,17,22,11260.30386,1,247726.68492,Medium
BT-11305,29,24,10321.82,1,247723.68,Medium
MO-17500,37,24,10314.4082,1,247545.7968,Medium
RR-19315,20,21,11765.04038,1,247065.84798000002,Medium
JD-15790,16,24,10267.74976,1,246425.99424000003,Medium
RW-19630,78,26,9425.9243,1,245074.03180000003,Medium
BF-11020,16,24,10201.2813,1,244830.7512,Medium
NP-18670,59,19,12839.01426,1,243941.27094,Medium
CG-12520,29,18,13545.47002,1,243818.46036000003,Medium
SC-20260,1,26,9366.1924,1,243521.0024,Medium
HA-14920,21,25,9740.3981,1,243509.9525,Medium
JG-15115,69,19,12801.82588,1,243234.69172,Medium
NC-18535,7,22,11054.378,1,243196.31600000002,Medium
EL-13735,54,23,10515.862,1,241864.82599999997,Medium
SR-20425,9,19,12721.24894,1,241703.72986,Medium
CS-12130,12,22,10981.231,1,241587.082,Medium
TP-21415,49,22,10926.72382,1,240387.92403999998,Medium
JO-15145,58,23,10440.976,1,240142.448,Medium
DL-12925,58,21,11364.6808,1,238658.2968,Medium
Dl-13600,6,20,11912.7634,1,238255.26799999998,Medium
SC-20845,9,24,9898.62502,1,237567.00048,Medium
BN-11515,10,23,10272.22552,1,236261.18696,Medium
CA-12055,14,22,10691.028,1,235202.616,Medium
CS-12400,2,23,10221.36436,1,235091.38027999998,Medium
JB-15925,10,19,12325.28696,1,234180.45223999998,Medium
NF-18475,7,22,10630.9149,1,233880.1278,Medium
CC-12220,21,32,7308.7328,1,233879.4496,Medium
CH-12070,90,21,11122.55656,1,233573.68776000003,Medium
NF-18595,12,22,10535.30152,1,231776.63344,Medium
PB-18805,9,19,12075.39774,1,229432.55706000002,Medium
EH-13990,45,26,8807.0846,1,228984.1996,Medium
BS-11800,10,21,10887.2118,1,228631.4478,Medium
TS-21655,85,24,9525.4572,1,228610.97280000002,Medium
PO-19195,87,21,10872.01088,1,228312.22848,Medium
DB-13660,13,20,11397.06484,1,227941.29679999998,Medium
AW-10930,36,22,10230.95856,1,225081.08831999998,Medium
PC-18745,3,21,10693.49644,1,224563.42524,Medium
MH-18025,21,19,11753.7025,1,223320.34749999997,Medium
DE-13255,20,22,10085.79,1,221887.38,Medium
CS-11860,78,21,10555.92482,1,221674.42122000002,Medium
MS-17710,30,26,8500.63026,1,221016.38676,Medium
MH-17620,24,20,11038.31378,1,220766.2756,Medium
TR-21325,2,22,10033.18706,1,220730.11532,Medium
BF-11275,7,23,9578.59864,1,220307.76872,Medium
MA-17995,43,22,10006.45034,1,220141.90748,Medium
ME-17725,29,28,7839.8866,1,219516.8248,Medium
TB-21595,29,26,8437.989,1,219387.71399999998,Medium
AH-10120,61,22,9927.83588,1,218412.38936,Medium
PM-19135,13,22,9857.6599,1,216868.5178,Medium
GR-14560,50,24,8895.05754,1,213481.38095999998,Medium
FH-14350,2,20,10654.52882,1,213090.5764,Medium
BF-11080,26,21,10134.5617,1,212825.79570000002,Medium
RD-19810,15,30,7091.09996,1,212732.9988,Medium
HZ-14950,36,22,9656.4048,1,212440.9056,Medium
NB-18655,20,22,9647.2046,1,212238.50119999997,Medium
RM-19675,5,19,11151.9605,1,211887.24949999998,Medium
GA-14725,3,24,8817.5455,1,211621.092,Medium
EH-13945,58,27,7832.68602,1,211482.52254,Medium
DD-13570,42,24,8741.4648,1,209795.15519999998,Medium
TS-21430,20,22,9532.9166,1,209724.16520000002,Medium
LW-16990,24,23,9111.8495,1,209572.5385,Medium
PT-19090,7,25,8370.783,1,209269.57499999998,Medium
VB-21745,13,21,9961.05,1,209182.05,Medium
JS-15880,12,20,10443.1001,1,208862.00199999998,Medium
JD-16015,49,24,8690.6293,1,208575.1032,Medium
LS-16945,28,20,10420.11776,1,208402.3552,Medium
SK-19990,9,19,10932.97152,1,207726.45888,Medium
DB-13555,37,22,9415.2204,1,207134.8488,Medium
LC-16870,28,21,9859.89236,1,207057.73956,Medium
EM-14065,17,17,12108.30958,1,205841.26286,Medium
RD-19930,43,22,9293.58832,1,204458.94304,Medium
BG-11695,10,19,10723.32038,1,203743.08722,Medium
PJ-19015,20,22,9230.87916,1,203079.34152000002,Medium
HR-14830,52,21,9637.15436,1,202380.24156,Medium
FC-14335,108,23,8770.73964,1,201727.01172,Medium
MK-18160,23,20,10043.3188,1,200866.376,Medium
AH-10585,22,22,9125.8911,1,200769.6042,Medium
HR-14770,14,18,11126.929,1,200284.722,Medium
LW-16825,23,20,9990.85524,1,199817.10480000003,Medium
TZ-21580,36,19,10455.5278,1,198655.0282,Medium
MH-17440,9,25,7945.0458,1,198626.145,Medium
RC-19825,119,25,7916.6733,1,197916.83250000002,Medium
CC-12550,28,25,7908.65034,1,197716.2585,Medium
EJ-13720,50,22,8969.44,1,197327.68000000002,Medium
AR-10405,55,22,8956.82078,1,197050.05716,Medium
MC-18130,52,23,8532.703,1,196252.169,Medium
BD-11620,50,25,7849.000019999999,1,196225.00049999997,Medium
JM-16195,58,25,7825.5646,1,195639.115,Medium
AJ-10795,63,22,8887.077,1,195515.694,Medium
CV-12805,5,20,9764.1306,1,195282.61200000002,Medium
KH-16630,9,27,7220.70456,1,194959.02312,Medium
NG-18355,49,21,9262.72936,1,194517.31655999998,Medium
SB-20170,3,15,12950.934,1,194264.00999999998,Medium
DB-13360,48,28,6919.81436,1,193754.80208,Medium
SC-20440,10,25,7677.43526,1,191935.88150000002,Medium
RE-19450,24,18,10660.48524,1,191888.73432,Medium
LS-16975,21,22,8646.9157,1,190232.14539999998,Medium
JL-15505,31,22,8631.695,1,189897.28999999998,Medium
ZD-21925,2,20,9479.3444,1,189586.888,Medium
RH-19555,8,21,8944.311,1,187830.531,Medium
JL-15850,45,22,8497.68,1,186948.96000000002,Medium
AS-10630,36,19,9815.9395,1,186502.8505,Medium
EM-14095,9,17,10889.6997,1,185124.89489999998,Medium
CS-12505,28,16,11535.2464,1,184563.9424,Medium
DF-13135,10,18,10240.3839,1,184326.9102,Medium
JJ-15445,34,19,9696.8474,1,184240.1006,Medium
TB-21355,55,20,9205.113,1,184102.25999999998,Medium
AI-10855,14,22,8358.6023,1,183889.2506,Medium
LP-17080,41,24,7631.9895,1,183167.748,Medium
DM-13525,36,19,9640.38168,1,183167.25192,Medium
SG-20080,4,17,10774.5034,1,183166.55779999998,Medium
TB-21190,50,17,10686.47152,1,181670.01583999998,Medium
CV-12295,40,20,9042.26818,1,180845.36359999998,Medium
PH-18790,58,19,9435.5663,1,179275.7597,Medium
GM-14455,17,17,10523.649,1,178902.033,Medium
MM-18280,13,25,7134.304,1,178357.6,Medium
BF-10975,36,22,8104.7792,1,178305.1424,Medium
BD-11560,8,19,9356.77974,1,177778.81506,Medium
NC-18415,40,19,9255.794,1,175860.086,Medium
HP-14815,31,24,7321.4395,1,175714.548,Medium
BD-11605,98,19,9202.66214,1,174850.58066,Medium
LH-16750,13,22,7945.0902,1,174791.9844,Medium
CM-11935,37,18,9689.0124,1,174402.2232,Medium
CR-12580,23,20,8700.3125,1,174006.25,Medium
RC-19960,23,22,7897.8691,1,173753.1202,Medium
BT-11440,52,21,8263.9755,1,173543.4855,Medium
AZ-10750,71,18,9639.801,1,173516.418,Medium
TD-20995,1,25,6924.1875,1,173104.6875,Medium
PW-19240,2,24,7186.1398,1,172467.3552,Medium
JR-15700,8,18,9568.31976,1,172229.75568,Medium
EB-13930,20,18,9533.9519,1,171611.1342,Medium
SU-20665,5,23,7442.46,1,171176.58,Medium
AH-10465,71,20,8547.83068,1,170956.61359999998,Medium
CK-12760,58,26,6574.8044,1,170944.9144,Medium
PC-19000,22,18,9474.0653,1,170533.1754,Medium
AR-10570,3,18,9445.64932,1,170021.68776,Medium
EB-13750,33,20,8489.991,1,169799.82,Medium
AG-10525,13,20,8468.963,1,169379.26,Medium
FG-14260,35,18,9396.5055,1,169137.099,Medium
JS-15595,6,18,9334.6385,1,168023.493,Medium
KD-16345,42,15,11157.0404,1,167355.606,Medium
JE-16165,21,20,8352.71836,1,167054.3672,Medium
LM-17065,85,18,9249.383,1,166488.894,Medium
ML-18040,8,19,8677.599,1,164874.381,Medium
JF-15355,14,22,7343.566,1,161558.452,Medium
AG-10390,115,19,8453.0096,1,160607.1824,Medium
CM-12715,42,19,8392.5789,1,159458.99910000002,Medium
SF-20065,59,21,7395.746,1,155310.666,Medium
EB-14170,20,23,6736.4391,1,154938.0993,Medium
GM-14500,107,23,6704.18562,1,154196.26926,Medium
VS-21820,139,15,10275.775,1,154136.625,Medium
BW-11065,51,18,8409.0559,1,151363.0062,Medium
CA-12310,14,21,7166.23086,1,150490.84806,Medium
TS-21160,9,22,6805.942,1,149730.724,Medium
SM-20005,148,22,6801.587500000001,1,149634.92500000002,Medium
JO-15280,15,21,7123.5651,1,149594.8671,Medium
BO-11350,112,20,7476.254699999999,1,149525.09399999998,Medium
RB-19705,17,16,9288.0836,1,148609.3376,Medium
LH-17020,42,18,8189.785800000001,1,147416.14440000002,Medium
AJ-10960,49,17,8633.59348,1,146771.08916,Medium
JD-16060,66,19,7683.04096,1,145977.77824,Medium
SW-20350,13,21,6923.24944,1,145388.23823999998,Medium
SS-20515,1,19,7480.62162,1,142131.81078,Medium
RS-19870,20,20,7090.95678,1,141819.1356,Medium
PA-19060,24,21,6723.23276,1,141187.88796,Medium
KM-16225,1,18,7754.5516,1,139581.9288,Medium
JM-15535,15,20,6942.403,1,138848.06,Medium
AS-10135,42,19,7307.2442,1,138837.6398,Medium
FM-14380,146,21,6598.3977,1,138566.3517,Medium
SP-20545,17,20,6801.1987,1,136023.974,Medium
AA-10375,7,23,5884.195,1,135336.485,Medium
DH-13675,22,17,7817.3085,1,132894.2445,Medium
SW-20455,8,22,6038.0162,1,132836.3564,Medium
RB-19645,151,22,5973.5944,1,131419.0768,Medium
AC-10660,3,21,6255.61908,1,131368.00068,Medium
EB-13870,16,19,6850.983700000001,1,130168.69030000002,Medium
JE-15475,36,22,5905.076,1,129911.672,Medium
PB-19105,58,16,8087.781,1,129404.496,Medium
GT-14755,35,23,5601.70652,1,128839.24995999999,Medium
EN-13780,15,20,6333.9164,1,126678.32800000001,Medium
KT-16480,28,20,6240.6521,1,124813.042,Medium
RM-19750,17,19,6475.01086,1,123025.20634,Medium
AR-10540,7,15,7983.9505,1,119759.25749999999,Medium
SM-20905,38,17,6918.4824,1,117614.20079999999,Medium
PK-18910,99,16,7282.58156,1,116521.30496,Medium
SF-20965,49,17,6777.6808,1,115220.5736,Medium
BP-11050,6,21,5403.78676,1,113479.52196,Medium
KN-16705,99,19,5884.778,1,111810.782,Medium
TB-11250,2,15,7270.836,1,109062.54000000001,Medium
KS-16300,36,21,5103.36318,1,107170.62678,Medium
TS-21085,42,19,5395.2094,1,102508.9786,Medium
DB-12970,218,11,9166.2092,2,100828.30119999999,Medium
SS-20875,15,21,4772.1508,1,100215.1668,Medium
RH-19600,7,21,4629.69556,1,97223.60676,Medium
EK-13795,45,17,5597.3462,1,95154.8854,Medium
TT-21265,2,20,4730.638,1,94612.76,Medium
JF-5415,38,11,8227.02,2,90497.22,Medium
DB-13120,6,16,5602.59462,1,89641.51392,Medium
RA-9285,255,14,6226.686,2,87173.60399999999,Medium
AY-10555,15,16,5446.61044,1,87145.76704,Medium
LW-17125,42,16,5369.269,2,85908.304,Medium
DW-3480,56,12,7118.106000000001,2,85417.27200000001,Medium
EC-14050,54,19,4430.2361,1,84174.4859,Medium
IM-15055,16,15,5154.83976,2,77322.5964,Medium
JO-15550,72,19,4002.894,1,76054.98599999999,Medium
RB-9705,150,12,6018.072,2,72216.864,Medium
EG-3900,52,11,6549.951,2,72049.461,Medium
RD-9930,29,11,6523.392,2,71757.312,Medium
RH-9555,27,8,8753.469,2,70027.752,Medium
SV-10815,9,9,7728.912,2,69560.208,Medium
IG-5085,2,12,5766.243,2,69194.916,Medium
JL-5130,198,12,5765.400000000001,2,69184.8,Medium
CG-12040,22,19,3596.268,1,68329.092,Medium
RE-9450,16,12,5678.703,2,68144.436,Medium
BD-1725,101,13,5078.400000000001,2,66019.20000000001,Medium
PO-9195,34,8,8227.356,2,65818.848,Medium
EH-4125,23,13,5012.22,2,65158.86,Medium
SH-9975,65,8,8058.147,2,64465.176,Medium
AS-285,100,13,4938.462,2,64200.00600000001,Medium
MO-17950,7,14,4527.392,2,63383.488,Medium
CC-2370,7,9,6957.225,2,62615.025,Medium
CM-1830,114,13,4777.407,2,62106.291000000005,Medium
DV-3045,34,13,4640.319,2,60324.147000000004,Medium
JS-15940,6,15,3874.766,2,58121.49,Medium
BS-1800,12,9,6364.854,2,57283.686,Medium
DH-3675,21,12,4661.844,2,55942.128,Medium
CP-2085,143,10,5585.7,2,55857.0,Medium
PJ-9015,197,8,6612.66,2,52901.28,Medium
VM-21835,112,20,2621.817,2,52436.34,Medium
BD-1635,325,9,5689.263,3,51203.367,Medium
JH-6180,28,9,5651.895,2,50867.05500000001,Medium
LC-7050,7,7,7193.652,2,50355.564,Medium
SM-10005,105,8,6262.38,2,50099.04,Medium
CC-2220,22,12,4174.182,2,50090.183999999994,Medium
LT-7110,56,6,8234.994,2,49409.96400000001,Medium
NW-8400,118,7,7046.736,2,49327.152,Medium
BP-1230,84,8,6134.988,2,49079.904,Medium
NB-18580,453,10,4875.5984,3,48755.984,Medium
RD-9900,93,10,4837.2210000000005,2,48372.21000000001,Medium
CK-2760,38,12,4015.95,2,48191.399999999994,Medium
MT-8070,324,7,6851.922,3,47963.454,Medium
MH-7455,93,10,4747.371,2,47473.71,Medium
AJ-960,295,10,4629.156,3,46291.56,Medium
GH-4425,22,10,4585.83,2,45858.3,Medium
BH-1710,94,10,4583.286,2,45832.86,Medium
TS-11370,19,10,4573.584,2,45735.84,Medium
LC-6930,72,9,5080.688999999999,2,45726.200999999994,Medium
CR-2625,140,9,5079.897,2,45719.073,Medium
TT-11265,95,9,5049.042,2,45441.378000000004,Medium
BW-1065,23,5,9027.48,2,45137.399999999994,Medium
BP-1050,12,9,4981.542,2,44833.878000000004,Medium
AH-30,469,7,6320.0160000000005,3,44240.112,Medium
TG-11640,31,9,4906.533,2,44158.797000000006,Medium
TB-11520,19,11,3991.521,2,43906.731,Medium
KH-6330,20,13,3371.208,2,43825.704,Medium
JW-5220,101,6,7184.724,2,43108.344,Medium
LA-6780,2,12,3589.44,2,43073.28,Medium
DJ-3510,7,7,5976.6900000000005,2,41836.83,Medium
DP-3105,65,6,6970.715999999999,2,41824.295999999995,Medium
RP-9390,271,7,5935.98,3,41551.86,Medium
NF-8385,2,11,3736.899,2,41105.888999999996,Medium
MY-8295,44,10,4072.167,2,40721.67,Medium
TS-11430,119,7,5812.08,2,40684.56,Medium
EL-3735,27,11,3691.392,2,40605.312,Medium
RW-9540,27,7,5698.434,2,39889.038,Medium
TH-11235,231,10,3901.347,2,39013.47,Medium
MB-7305,23,8,4874.589,2,38996.712,Medium
MG-7680,75,9,4298.478,2,38686.302,Medium
MO-7800,15,9,4294.2660000000005,2,38648.39400000001,Medium
DK-3375,118,10,3846.78,2,38467.8,Medium
PV-8985,145,6,6390.636,2,38343.816000000006,Medium
JS-5940,24,13,2927.34,2,38055.42,Medium
TC-11145,13,10,3799.926,2,37999.26,Medium
JO-5550,13,9,4203.78,2,37834.02,Medium
AB-255,44,8,4679.502,2,37436.016,Medium
DC-2850,35,9,4131.144,2,37180.296,Medium
PB-9210,308,7,5302.197,3,37115.379,Medium
DK-2835,22,11,3373.143,2,37104.573000000004,Medium
GP-4740,152,8,4610.103,2,36880.824,Medium
NM-8445,34,9,4053.72,2,36483.479999999996,Medium
JE-6165,37,8,4555.716,2,36445.728,Medium
HR-4770,188,8,4550.322,2,36402.576,Medium
CH-2070,307,8,4545.618,3,36364.944,Medium
RB-9330,113,8,4538.256,2,36306.048,Medium
RD-9585,36,7,5168.4,2,36178.799999999996,Medium
MM-8280,72,10,3586.695,2,35866.950000000004,Medium
BS-1665,153,7,5101.907999999999,2,35713.356,Medium
CV-2805,258,7,5088.852,3,35621.964,Medium
JP-6135,27,8,4432.650000000001,2,35461.200000000004,Medium
JK-5730,484,6,5862.87,3,35177.22,Medium
DO-3435,37,10,3515.73,2,35157.3,Medium
JK-5625,317,8,4364.763,3,34918.104,Medium
PB-9150,42,10,3478.443,2,34784.43,Medium
MS-7830,5,8,4322.904,2,34583.232,Medium
SL-10155,167,14,2451.78,2,34324.920000000006,Medium
MD-7860,104,5,6853.512,2,34267.56,Medium
AY-555,36,11,3096.42,2,34060.62,Medium
AJ-945,105,7,4860.924,2,34026.468,Medium
AJ-795,37,10,3395.58,2,33955.8,Medium
JP-5460,189,10,3294.018,2,32940.18,Medium
LL-6840,36,9,3649.152,2,32842.368,Medium
LS-6945,7,12,2726.034,2,32712.408000000003,Medium
KB-6315,23,11,2957.715,2,32534.865,Medium
JB-6045,29,10,3235.656,2,32356.559999999998,Medium
BD-1620,118,11,2919.597,2,32115.567000000003,Medium
JH-5910,41,8,4013.994,2,32111.952,Medium
JD-6150,22,6,5329.77,2,31978.620000000003,Medium
MV-8190,8,8,3995.04,2,31960.32,Medium
JD-6060,141,9,3541.44,2,31872.96,Medium
JF-5355,97,9,3475.764,2,31281.876,Medium
SF-10065,230,8,3861.429,2,30891.432,Medium
AJ-780,2,12,2570.994,2,30851.928,Medium
GZ-4470,148,8,3835.626,2,30685.008,Medium
RD-9720,59,8,3833.712,2,30669.696,Medium
RD-9660,28,9,3391.788,2,30526.092,Medium
IM-5055,20,7,4324.95,2,30274.649999999998,Medium
NG-8430,19,8,3749.829,2,29998.632,Medium
DM-3345,146,6,4998.42,2,29990.52,Medium
GR-4560,154,6,4955.529,2,29733.174000000003,Medium
MC-7575,10,8,3619.188,2,28953.504,Medium
EM-4065,53,9,3213.246,2,28919.214,Medium
AH-75,38,8,3608.34,2,28866.72,Medium
JM-5655,123,8,3602.67,2,28821.36,Medium
MZ-7515,79,9,3193.161,2,28738.449,Medium
JC-5385,16,9,3183.0750000000003,2,28647.675000000003,Medium
EH-4185,122,8,3577.77,2,28622.16,Medium
SM-10320,77,7,4045.638,2,28319.466,Medium
Dl-3600,112,10,2809.056,2,28090.56,Medium
JF-5190,150,8,3510.168,2,28081.344,Medium
TB-11400,112,9,3103.323,2,27929.907,Medium
KF-6285,33,9,3100.152,2,27901.368000000002,Medium
RO-9780,5,9,3080.106,2,27720.954,Medium
GT-4755,1,8,3457.578,2,27660.624,Medium
MM-7260,132,5,5510.358,2,27551.79,Medium
ND-8460,9,10,2722.98,2,27229.8,Medium
AB-600,8,5,5408.55,2,27042.75,Medium
MK-8160,41,10,2697.066,2,26970.659999999996,Medium
HG-4845,142,9,2987.898,2,26891.082000000002,Medium
MH-7440,97,8,3357.78,2,26862.24,Medium
RH-9600,174,8,3340.4700000000003,2,26723.760000000002,Medium
SJ-10125,295,9,2961.189,3,26650.700999999997,Medium
ZD-11925,4,9,2951.226,2,26561.034,Medium
AR-510,105,10,2638.638,2,26386.379999999997,Medium
JG-5115,6,9,2907.678,2,26169.102,Medium
ER-3855,54,7,3736.296,2,26154.072,Medium
CC-2475,56,7,3709.881,2,25969.166999999998,Medium
TC-10980,48,8,3239.064,2,25912.512,Medium
LH-7155,128,8,3228.75,2,25830.0,Medium
EM-4095,132,9,2833.56,2,25502.04,Medium
SC-10680,190,4,6344.79,2,25379.16,Medium
BT-1485,98,9,2803.974,2,25235.766000000003,Medium
LM-7065,8,4,6280.47,2,25121.88,Medium
PB-8805,121,9,2787.672,2,25089.048,Medium
CK-2325,1,8,3125.295,2,25002.36,Medium
FH-4365,167,9,2751.348,2,24762.131999999998,Medium
SS-10140,30,7,3491.628,2,24441.396,Medium
EB-3975,36,9,2713.62,2,24422.579999999998,Medium
DB-2910,55,8,3051.18,2,24409.44,Medium
NC-8340,36,9,2707.962,2,24371.658,Medium
EB-4110,21,10,2417.757,2,24177.57,Medium
KN-6705,124,5,4830.858,2,24154.29,Medium
LR-7035,107,9,2677.98,2,24101.82,Medium
TA-11385,9,5,4819.95,2,24099.75,Medium
LW-7125,34,9,2677.341,2,24096.069,Medium
AH-195,279,9,2651.565,3,23864.085,Medium
JL-5835,55,7,3388.275,2,23717.925,Medium
AG-675,174,10,2368.131,2,23681.309999999998,Medium
CA-2265,106,7,3364.638,2,23552.466,Medium
JC-6105,103,6,3914.94,2,23489.64,Medium
SS-10410,27,10,2348.46,2,23484.6,Medium
PT-9090,3,5,4686.03,2,23430.149999999998,Medium
HD-4785,107,7,3325.608,2,23279.256,Medium
CA-1965,128,8,2883.141,2,23065.128,Medium
AB-15,413,5,4607.13,3,23035.65,Medium
ME-7725,12,11,2083.875,2,22922.625,Medium
BF-1080,210,6,3808.17,2,22849.02,Medium
EM-3960,195,8,2855.874,2,22846.992,Medium
EH-3945,112,9,2518.74,2,22668.659999999996,Medium
JF-5565,421,6,3776.7,3,22660.199999999997,Medium
LD-6855,81,8,2822.706,2,22581.648,Medium
RD-9810,54,7,3214.788,2,22503.516,Medium
SC-10305,17,7,3207.18,2,22450.26,Medium
AZ-750,27,10,2231.277,2,22312.77,Medium
AG-270,14,8,2779.806,2,22238.448,Medium
GZ-4545,31,6,3698.388,2,22190.328,Medium
SC-10260,142,7,3166.518,2,22165.626,Medium
DK-3150,58,14,1577.874,2,22090.236,Medium
HM-4980,465,5,4409.298,3,22046.489999999998,Medium
PA-9060,178,6,3670.581,2,22023.486,Medium
AS-630,34,11,2000.01,2,22000.11,Medium
DM-2955,13,9,2437.407,2,21936.663,Medium
EB-3930,8,9,2433.516,2,21901.644,Medium
DE-3255,49,8,2714.49,2,21715.92,Medium
AA-645,52,11,1968.324,2,21651.564000000002,Medium
FO-4305,52,10,2158.446,2,21584.46,Medium
MC-7275,236,5,4301.043,2,21505.214999999997,Medium
GM-4500,105,5,4298.37,2,21491.85,Medium
RP-9855,401,6,3569.139,3,21414.834000000003,Medium
BO-1425,2,8,2671.257,2,21370.056,Medium
CS-2460,203,8,2671.227,2,21369.816,Medium
BT-1440,94,10,2132.565,2,21325.65,Medium
JD-6015,43,8,2652.78,2,21222.24,Medium
MA-7995,17,11,1928.007,2,21208.077,Medium
SF-10200,142,8,2633.3160000000003,2,21066.528000000002,Medium
BF-1020,97,7,3006.996,2,21048.972,Medium
DP-3000,15,10,2093.61,2,20936.100000000002,Medium
BN-1515,28,8,2606.802,2,20854.416,Medium
SV-10785,22,7,2969.43,2,20786.01,Medium
AR-345,142,9,2301.072,2,20709.648,Medium
DH-3075,160,10,2063.682,2,20636.82,Medium
SC-10725,92,7,2944.494,2,20611.458000000002,Medium
LW-6990,15,11,1869.771,2,20567.481,Medium
BM-1650,482,8,2537.106,3,20296.848,Medium
BM-1785,49,9,2244.342,2,20199.078,Medium
DV-3465,14,5,4037.82,2,20189.100000000002,Medium
CP-2340,464,4,5044.65,3,20178.6,Medium
CC-2685,132,5,4019.412,2,20097.059999999998,Medium
AG-525,16,7,2870.676,2,20094.732,Medium
AH-585,76,9,2232.222,2,20089.998000000003,Medium
SU-10665,49,6,3331.134,2,19986.804,Medium
NP-8685,115,4,4994.849999999999,2,19979.399999999998,Medium
LC-6960,192,8,2487.402,2,19899.216,Medium
AS-135,93,5,3978.81,2,19894.05,Medium
CM-2715,118,7,2838.264,2,19867.848,Medium
SW-10455,8,9,2205.252,2,19847.268,Medium
MW-8220,45,8,2476.497,2,19811.976,Medium
BN-1470,23,7,2823.852,2,19766.964,Medium
JF-5295,64,8,2433.942,2,19471.536,Medium
RL-9615,266,8,2420.226,3,19361.808,Medium
JK-5370,145,6,3211.452,2,19268.712,Medium
NG-8355,104,7,2746.47,2,19225.289999999997,Medium
RB-9435,217,6,3179.154,2,19074.924,Medium
PF-9120,84,10,1882.95,2,18829.5,Medium
DD-3570,64,8,2331.414,2,18651.312,Medium
EH-4005,197,7,2629.674,2,18407.718,Medium
RA-9945,21,9,2044.587,2,18401.283,Medium
AR-570,71,9,2044.278,2,18398.502,Medium
DR-2880,5,8,2291.463,2,18331.704,Medium
DR-2940,40,8,2288.4,2,18307.2,Medium
DG-3300,15,6,2982.312,2,17893.872,Medium
PO-8865,353,6,2973.15,3,17838.9,Medium
LC-7140,17,6,2954.43,2,17726.579999999998,Medium
FM-4215,97,6,2935.614,2,17613.684,Medium
MZ-7335,113,5,3494.226,2,17471.13,Medium
JO-5145,6,6,2904.714,2,17428.284,Medium
ES-4080,146,9,1925.544,2,17329.896,Medium
MH-7785,8,9,1914.834,2,17233.506,Medium
NP-8670,227,6,2871.87,2,17231.22,Medium
ME-7320,21,10,1720.188,2,17201.88,Medium
TC-11475,205,9,1907.754,2,17169.786,Medium
BD-1770,239,5,3405.066,2,17025.329999999998,Medium
HZ-4950,209,6,2830.416,2,16982.496,Medium
BW-1110,185,10,1696.83,2,16968.3,Medium
SG-10605,234,6,2816.067,2,16896.402000000002,Medium
HF-4995,391,8,2099.973,3,16799.784,Medium
ND-8370,34,6,2790.234,2,16741.404,Medium
CS-2175,58,5,3340.098,2,16700.489999999998,Medium
CM-2655,51,12,1389.834,2,16678.008,Medium
CL-2565,43,6,2775.636,2,16653.816,Medium
JD-5895,3,6,2770.434,2,16622.604,Medium
DB-3060,9,8,2070.258,2,16562.064,Medium
JH-5820,43,7,2359.011,2,16513.077,Medium
SK-9990,31,7,2358.858,2,16512.006,Medium
TM-11490,56,8,2063.022,2,16504.176,Medium
LC-6885,210,9,1828.086,2,16452.774,Medium
TT-11220,6,9,1826.4,2,16437.600000000002,Medium
SW-10755,44,7,2346.906,2,16428.342,Medium
SC-10050,43,7,2311.8540000000003,2,16182.978000000003,Medium
EC-4050,163,7,2301.315,2,16109.205,Medium
AC-615,93,7,2298.432,2,16089.023999999998,Medium
RF-9345,7,5,3208.026,2,16040.13,Medium
FM-4290,3,8,2002.71,2,16021.68,Low
LO-7170,5,7,2281.185,2,15968.295,Low
AB-60,36,9,1770.2279999999998,2,15932.051999999998,Low
JE-5745,195,7,2275.5,2,15928.5,Low
AA-315,3,7,2243.256,2,15702.792,Low
MG-8145,282,3,5229.1140000000005,3,15687.342,Low
RM-9375,10,7,2239.446,2,15676.122,Low
KH-6360,101,7,2221.365,2,15549.554999999998,Low
JR-5670,129,6,2585.034,2,15510.204000000002,Low
KW-6570,49,6,2577.7200000000003,2,15466.320000000002,Low
AT-435,29,12,1287.993,2,15455.916,Low
MM-8055,34,8,1924.911,2,15399.288,Low
BM-1575,41,9,1703.982,2,15335.838,Low
AF-870,6,9,1700.082,2,15300.738000000001,Low
KL-6555,176,7,2184.06,2,15288.42,Low
CR-2580,35,5,3057.264,2,15286.32,Low
AC-420,14,9,1689.675,2,15207.074999999999,Low
JB-5400,83,7,2172.03,2,15204.210000000001,Low
NR-8550,15,8,1898.481,2,15187.848,Low
AB-105,44,7,2156.4,2,15094.800000000001,Low
JK-6120,141,6,2513.07,2,15078.420000000002,Low
CR-2730,6,11,1359.576,2,14955.336,Low
JJ-5445,20,6,2490.204,2,14941.224000000002,Low
AG-765,115,8,1859.532,2,14876.256,Low
SF-10965,181,6,2476.302,2,14857.812000000002,Low
KT-6480,85,7,2119.74,2,14838.179999999998,Low
MG-7695,336,7,2104.596,3,14732.172,Low
GW-4605,15,8,1830.789,2,14646.312,Low
CS-1860,51,9,1618.674,2,14568.065999999999,Low
JH-5985,53,7,2073.48,2,14514.36,Low
GH-4410,298,9,1610.22,3,14491.98,Low
IM-5070,51,7,2064.066,2,14448.462,Low
LB-6795,57,8,1796.115,2,14368.92,Low
BP-1185,5,10,1430.616,2,14306.16,Low
SC-10770,185,7,2033.208,2,14232.456,Low
AR-825,34,7,2028.912,2,14202.384,Low
NS-8640,48,8,1771.437,2,14171.496,Low
TB-11280,157,9,1574.322,2,14168.898,Low
KN-6450,94,8,1767.282,2,14138.256,Low
NF-8475,44,7,2019.006,2,14133.042000000001,Low
PF-9165,35,7,2007.642,2,14053.494,Low
PH-8790,115,8,1746.84,2,13974.72,Low
MR-7545,101,6,2325.24,2,13951.439999999999,Low
BF-975,23,8,1730.232,2,13841.856,Low
EJ-3720,157,8,1727.964,2,13823.712,Low
RM-9675,37,8,1715.094,2,13720.752,Low
MK-7905,150,11,1244.955,2,13694.505,Low
AW-840,57,7,1947.0,2,13629.0,Low
MB-8085,12,8,1703.508,2,13628.064,Low
KB-6240,202,7,1945.32,2,13617.24,Low
AP-915,93,5,2668.08,2,13340.4,Low
LB-6735,138,7,1897.95,2,13285.65,Low
CS-2505,51,7,1894.5,2,13261.5,Low
ES-4020,29,7,1892.778,2,13249.446,Low
TT-11460,43,8,1649.784,2,13198.272,Low
JB-6000,175,7,1881.006,2,13167.042000000001,Low
EJ-4155,23,5,2631.99,2,13159.949999999999,Low
DM-3525,322,6,2191.266,3,13147.596000000001,Low
AH-210,458,4,3277.11,3,13108.44,Low
BT-1305,32,10,1305.96,2,13059.6,Low
MN-7935,31,6,2175.33,2,13051.98,Low
PM-8940,56,9,1448.856,2,13039.704,Low
BE-1410,22,7,1859.859,2,13019.012999999999,Low
MP-8175,91,6,2169.174,2,13015.044,Low
RH-9510,701,7,1837.788,3,12864.516,Low
KB-6600,10,11,1167.738,2,12845.118,Low
LP-7080,185,7,1831.338,2,12819.366,Low
CS-1845,25,8,1593.312,2,12746.496,Low
NH-8610,6,6,2121.522,2,12729.132,Low
JG-5160,17,8,1588.116,2,12704.928,Low
DM-3015,3,6,2105.79,2,12634.74,Low
AB-150,399,4,3143.88,3,12575.52,Low
BW-1200,134,4,3105.816,2,12423.264,Low
MS-7710,64,8,1529.46,2,12235.68,Low
SJ-10215,57,9,1359.252,2,12233.268,Low
AM-360,176,6,2035.827,2,12214.962,Low
JM-5250,7,5,2424.201,2,12121.005000000001,Low
SM-10950,105,9,1336.308,2,12026.772,Low
PG-8895,300,6,1981.302,3,11887.812,Low
KH-6690,239,7,1696.014,2,11872.098,Low
ML-8040,45,7,1690.896,2,11836.271999999999,Low
RE-9405,72,6,1967.403,2,11804.418,Low
CS-2355,56,9,1307.16,2,11764.44,Low
MS-7530,52,8,1456.806,2,11654.448,Low
LS-7230,100,10,1164.348,2,11643.48,Low
CV-2295,86,9,1283.241,2,11549.169,Low
MG-8205,2,7,1648.944,2,11542.608,Low
CS-2400,12,5,2293.17,2,11465.85,Low
EM-4140,94,6,1900.791,2,11404.746,Low
JJ-5760,269,6,1890.126,3,11340.756,Low
BD-1320,6,6,1885.05,2,11310.3,Low
DB-3615,108,4,2824.152,2,11296.608,Low
NP-8700,38,6,1880.622,2,11283.732,Low
DK-3225,66,8,1407.984,2,11263.872,Low
CM-2160,50,5,2245.92,2,11229.6,Low
TH-11115,120,6,1870.17,2,11221.02,Low
SW-10350,101,9,1244.454,2,11200.086,Low
RW-9690,99,8,1398.996,2,11191.968,Low
BM-1140,14,6,1857.69,2,11146.14,Low
TS-11085,220,8,1390.68,2,11125.44,Low
PO-9180,30,9,1231.068,2,11079.612,Low
PG-8820,31,6,1846.56,2,11079.36,Low
VD-11670,1,9,1230.051,2,11070.458999999999,Low
AG-495,49,11,1003.992,2,11043.912,Low
RB-9465,288,3,3675.24,3,11025.72,Low
GB-4575,210,6,1821.912,2,10931.472,Low
KH-6510,16,7,1544.34,2,10810.38,Low
EB-3840,44,6,1797.738,2,10786.428,Low
BT-1530,353,7,1535.781,3,10750.467,Low
KT-6465,106,7,1532.124,2,10724.868,Low
AC-660,120,4,2676.09,2,10704.36,Low
NP-8325,16,8,1336.686,2,10693.488,Low
KM-6375,322,5,2124.699,3,10623.495,Low
BP-1095,12,6,1759.668,2,10558.008,Low
ML-8265,9,9,1170.72,2,10536.48,Low
DL-2865,203,7,1502.964,2,10520.748,Low
DL-3315,48,6,1746.87,2,10481.22,Low
JS-5880,209,6,1745.997,2,10475.982,Low
JF-5490,100,7,1487.385,2,10411.695,Low
EM-4200,152,4,2585.898,2,10343.592,Low
HG-5025,24,7,1476.612,2,10336.284,Low
PF-9225,15,7,1474.272,2,10319.903999999999,Low
AA-480,315,5,2063.493,3,10317.465,Low
AG-300,99,6,1703.31,2,10219.86,Low
TS-11610,176,5,2011.14,2,10055.7,Low
JR-5700,14,6,1673.163,2,10038.978,Low
KA-6525,94,7,1429.884,2,10009.188,Low
HK-4890,57,6,1656.966,2,9941.795999999998,Low
SB-10290,192,5,1975.404,2,9877.02,Low
MH-8025,15,9,1095.426,2,9858.833999999999,Low
DS-3030,49,6,1636.512,2,9819.072,Low
FW-4395,1,8,1220.811,2,9766.488,Low
LC-6870,24,8,1220.451,2,9763.608,Low
JS-5685,143,5,1944.06,2,9720.3,Low
LW-6825,33,11,881.754,2,9699.294,Low
GH-4665,2,9,1077.069,2,9693.621,Low
CD-1980,7,7,1380.228,2,9661.596000000001,Low
RR-9525,90,7,1376.91,2,9638.37,Low
JM-6195,13,8,1200.492,2,9603.936,Low
TR-11325,169,4,2395.716,2,9582.864,Low
NK-8490,207,4,2395.35,2,9581.4,Low
GM-4680,73,6,1590.402,2,9542.412,Low
CR-2820,56,8,1188.012,2,9504.096,Low
EB-3705,399,3,3141.63,3,9424.89,Low
JM-5865,71,6,1544.268,2,9265.608,Low
SG-10470,129,3,3086.67,2,9260.01,Low
SD-10485,41,8,1157.3429999999998,2,9258.743999999999,Low
FC-4245,492,6,1540.638,3,9243.828,Low
GA-4515,36,7,1318.389,2,9228.723,Low
CB-2025,23,5,1840.89,2,9204.45,Low
EK-3795,213,6,1531.083,2,9186.498,Low
RH-9495,97,3,3057.21,2,9171.630000000001,Low
CC-2670,147,6,1527.582,2,9165.492,Low
RS-9765,124,6,1524.15,2,9144.900000000001,Low
DP-3165,8,6,1517.952,2,9107.712,Low
MF-8250,63,6,1517.5500000000002,2,9105.300000000001,Low
EH-3765,129,9,1010.382,2,9093.438,Low
AH-690,59,5,1817.898,2,9089.49,Low
DN-3690,13,5,1815.954,2,9079.77,Low
TB-11625,399,5,1810.752,3,9053.76,Low
MT-7815,177,6,1500.588,2,9003.528,Low
KH-6630,327,5,1795.866,3,8979.33,Low
JP-5520,113,4,2227.524,2,8910.096,Low
VT-11700,31,7,1271.442,2,8900.094000000001,Low
SN-10560,14,6,1480.104,2,8880.624,Low
SB-10185,79,7,1268.436,2,8879.052,Low
TC-11535,371,4,2214.972,3,8859.888,Low
DA-3450,15,4,2212.05,2,8848.2,Low
MH-8115,59,7,1260.702,2,8824.914,Low
KM-6720,350,3,2928.654,3,8785.962,Low
NC-8535,139,7,1250.871,2,8756.097000000002,Low
KC-6255,58,8,1094.358,2,8754.864,Low
HE-4800,37,8,1091.322,2,8730.576,Low
SA-10830,11,10,872.676,2,8726.76,Low
PW-9240,62,7,1237.53,2,8662.71,Low
NF-8595,513,5,1731.936,3,8659.68,Low
SR-10740,22,4,2154.12,2,8616.48,Low
CJ-1875,33,6,1431.432,2,8588.592,Low
PM-9135,302,6,1429.296,3,8575.776,Low
JC-5775,14,5,1712.487,2,8562.435000000001,Low
SM-10905,133,5,1711.992,2,8559.96,Low
SG-10890,401,6,1424.778,3,8548.668,Low
PS-8760,348,5,1706.202,3,8531.01,Low
TS-11505,288,4,2123.946,3,8495.784,Low
DO-3645,42,5,1689.252,2,8446.26,Low
CD-2280,13,7,1205.04,2,8435.279999999999,Low
AS-240,499,5,1686.51,3,8432.55,Low
BS-1755,296,5,1679.76,3,8398.8,Low
AB-165,17,6,1399.776,2,8398.656,Low
MS-7980,7,5,1654.644,2,8273.22,Low
MH-7620,246,7,1179.666,2,8257.662,Low
DP-3390,13,6,1376.13,2,8256.78,Low
RS-9870,21,8,1031.436,2,8251.488,Low
MD-7350,83,6,1374.198,2,8245.188,Low
SB-10170,27,5,1647.24,2,8236.2,Low
HW-4935,57,7,1174.824,2,8223.768,Low
RC-9960,113,5,1639.965,2,8199.824999999999,Low
JL-5505,342,3,2729.34,3,8188.02,Low
TS-11340,41,5,1631.316,2,8156.58,Low
MM-7920,29,6,1350.03,2,8100.18,Low
JB-5925,23,8,1012.092,2,8096.736,Low
JK-5205,592,5,1617.6,3,8088.0,Low
GT-4635,10,7,1145.01,2,8015.07,Low
JL-5850,698,4,2003.598,3,8014.392,Low
YS-11880,5,6,1328.832,2,7972.992,Low
VS-11820,23,7,1136.214,2,7953.498,Low
JH-5430,8,9,883.476,2,7951.284,Low
KL-6645,1,5,1576.296,2,7881.4800000000005,Low
AM-705,137,6,1303.77,2,7822.62,Low
BD-1560,91,5,1564.02,2,7820.1,Low
CG-2520,120,7,1116.204,2,7813.428,Low
TP-11415,642,4,1950.948,3,7803.792,Low
DJ-3630,35,6,1293.948,2,7763.688,Low
ML-7755,27,7,1108.5,2,7759.5,Low
DK-2895,147,6,1292.13,2,7752.780000000001,Low
SC-10440,93,4,1929.081,2,7716.324,Low
CS-2250,3,4,1917.624,2,7670.496,Low
RP-9270,287,6,1274.352,3,7646.112000000001,Low
PN-8775,54,5,1522.11,2,7610.549999999999,Low
LW-7215,133,5,1522.014,2,7610.07,Low
SW-10245,23,4,1901.91,2,7607.64,Low
EB-4170,55,6,1267.62,2,7605.719999999999,Low
TP-11130,140,6,1261.449,2,7568.694,Low
PW-9030,58,7,1081.002,2,7567.013999999999,Low
ON-8715,460,5,1507.758,3,7538.79,Low
NC-8415,107,5,1503.426,2,7517.129999999999,Low
MC-7425,36,5,1489.851,2,7449.255000000001,Low
TH-11100,254,4,1856.19,3,7424.76,Low
NB-8580,429,7,1059.477,3,7416.339000000001,Low
SW-10275,50,5,1480.578,2,7402.889999999999,Low
JA-5970,1,7,1057.227,2,7400.589000000001,Low
DB-3360,435,2,3691.53,3,7383.06,Low
IL-5100,164,7,1052.808,2,7369.656,Low
ML-7395,133,7,1049.4,2,7345.800000000001,Low
JE-5475,28,8,914.178,2,7313.424,Low
CD-1920,315,4,1821.219,3,7284.876,Low
RR-9315,233,4,1820.85,2,7283.4,Low
PB-9105,1,4,1808.208,2,7232.832,Low
CD-2790,132,7,1030.788,2,7215.516,Low
AC-450,182,7,1026.597,2,7186.179,Low
CC-2550,272,5,1433.4,3,7167.0,Low
BF-1275,129,7,1009.974,2,7069.818,Low
TB-11055,325,3,2355.138,3,7065.414,Low
JL-5235,2,4,1751.712,2,7006.848,Low
MY-7380,323,4,1745.5739999999998,3,6982.295999999999,Low
CM-2445,349,4,1741.578,3,6966.312,Low
CC-2145,505,6,1158.18,3,6949.08,Low
MS-7365,112,5,1365.54,2,6827.7,Low
AG-900,24,4,1699.47,2,6797.88,Low
JO-5280,20,4,1694.85,2,6779.4,Low
JL-5175,125,5,1353.09,2,6765.45,Low
HJ-4875,311,6,1121.22,3,6727.32,Low
BP-1155,262,6,1110.78,3,6664.68,Low
DB-3660,238,3,2207.712,2,6623.136,Low
JD-5790,300,5,1323.072,3,6615.36,Low
BE-1335,573,5,1321.149,3,6605.744999999999,Low
MA-7560,233,4,1628.166,2,6512.664,Low
RM-9750,41,7,929.175,2,6504.224999999999,Low
SG-10080,370,6,1078.728,3,6472.368,Low
SC-10095,226,7,918.522,2,6429.654,Low
MW-8235,1,6,1070.772,2,6424.632,Low
RD-9480,48,6,1061.73,2,6370.38,Low
LE-6810,64,6,1049.52,2,6297.12,Low
JS-6030,219,4,1573.038,2,6292.152,Low
SV-10365,184,5,1256.472,2,6282.36,Low
VW-11775,8,5,1253.166,2,6265.83,Low
PC-8745,58,5,1246.56,2,6232.799999999999,Low
SC-10380,276,4,1556.16,3,6224.64,Low
JR-6210,38,6,1033.29,2,6199.74,Low
EM-3810,59,6,1032.879,2,6197.273999999999,Low
JK-6090,13,5,1215.516,2,6077.58,Low
AP-720,38,6,999.699,2,5998.1939999999995,Low
HP-4815,64,5,1196.682,2,5983.41,Low
CA-2775,310,4,1485.897,3,5943.588,Low
AH-120,22,4,1478.082,2,5912.328,Low
GM-4440,2,8,735.216,2,5881.728,Low
EN-3780,206,8,734.856,2,5878.848,Low
SC-10695,175,4,1468.899,2,5875.596,Low
GA-4725,71,4,1460.796,2,5843.184,Low
DL-2925,38,7,831.996,2,5823.972,Low
KD-6495,399,4,1454.76,3,5819.04,Low
CM-2190,153,4,1451.49,2,5805.96,Low
PS-9045,62,7,829.356,2,5805.492,Low
BB-990,51,7,822.288,2,5756.016,Low
CW-1905,385,4,1436.31,3,5745.24,Low
PO-8850,128,4,1432.986,2,5731.944,Low
CL-2700,142,4,1432.374,2,5729.496,Low
CM-2115,21,3,1907.37,2,5722.11,Low
LS-7245,218,6,953.151,2,5718.906,Low
ST-10530,96,6,943.26,2,5659.5599999999995,Low
TS-11160,106,5,1130.07,2,5650.349999999999,Low
EB-3750,185,6,939.153,2,5634.918,Low
PS-8970,125,4,1395.948,2,5583.792,Low
GM-4695,223,7,791.502,2,5540.513999999999,Low
SC-10845,54,4,1368.12,2,5472.48,Low
CS-2130,306,4,1367.268,3,5469.072,Low
LT-6765,9,4,1365.33,2,5461.32,Low
BF-1170,194,6,904.92,2,5429.5199999999995,Low
PR-8880,197,5,1085.64,2,5428.200000000001,Low
SC-10230,195,3,1793.907,2,5381.721,Low
AA-375,254,8,654.492,3,5235.936,Low
TZ-11445,369,7,745.14,3,5215.98,Low
DF-3135,44,4,1301.652,2,5206.608,Low
VM-11685,14,6,858.978,2,5153.8679999999995,Low
CC-2100,61,5,1020.048,2,5100.24,Low
FM-4380,2,6,843.54,2,5061.24,Low
MH-7290,738,3,1685.34,3,5056.0199999999995,Low
CL-1890,93,9,560.745,2,5046.705,Low
GG-4650,104,5,1000.422,2,5002.110000000001,Low
CS-2490,170,3,1664.13,2,4992.39,Low
DW-3195,1064,4,1241.226,3,4964.904,Low
CB-2415,517,4,1232.568,3,4930.272,Low
FA-4230,185,6,814.572,2,4887.432,Low
DW-3540,55,4,1216.587,2,4866.348,Low
AS-45,234,3,1616.334,2,4849.002,Low
VP-11760,237,3,1615.662,2,4846.986,Low
JS-5595,680,6,806.691,3,4840.146000000001,Low
NS-8505,14,5,962.853,2,4814.264999999999,Low
PJ-8835,43,6,801.405,2,4808.43,Low
CA-2055,259,3,1601.73,3,4805.1900000000005,Low
BS-1365,38,5,957.63,2,4788.15,Low
MV-7485,471,5,952.536,3,4762.679999999999,Low
VG-11805,136,4,1190.22,2,4760.88,Low
CK-2205,80,5,950.697,2,4753.485,Low
AW-930,38,6,782.0550000000001,2,4692.33,Low
MC-7590,337,3,1554.06,3,4662.18,Low
SZ-10035,957,4,1164.15,3,4656.6,Low
PC-9000,573,4,1160.43,3,4641.72,Low
SP-10650,170,6,770.895,2,4625.37,Low
MJ-7740,160,4,1136.898,2,4547.592,Low
JE-5610,176,6,756.855,2,4541.13,Low
MP-7965,197,8,567.093,2,4536.744,Low
JM-5265,121,4,1131.912,2,4527.648,Low
AR-540,222,8,561.6,2,4492.8,Low
HH-5010,197,3,1497.57,2,4492.71,Low
TB-11190,115,4,1115.37,2,4461.48,Low
HA-4905,14,4,1106.604,2,4426.416,Low
JM-5580,50,5,880.3230000000001,2,4401.615000000001,Low
GT-4710,56,4,1079.064,2,4316.256,Low
TP-11565,104,5,857.37,2,4286.85,Low
Dp-3240,26,7,609.3,2,4265.099999999999,Low
JM-5535,244,5,847.827,2,4239.135,Low
ED-3885,57,8,525.474,2,4203.792,Low
JG-5310,44,5,836.994,2,4184.97,Low
HM-4860,35,4,1042.77,2,4171.08,Low
MC-8130,288,5,826.35,3,4131.75,Low
BS-1590,238,5,819.4499999999999,2,4097.25,Low
FP-4320,28,5,816.582,2,4082.91,Low
MO-7500,282,5,810.8699999999999,3,4054.3499999999995,Low
LP-7095,1,4,1011.36,2,4045.44,Low
EH-3990,34,6,672.489,2,4034.934,Low
RA-9885,126,8,503.268,2,4026.144,Low
HA-4920,91,6,670.674,2,4024.044,Low
MC-7845,35,4,991.728,2,3966.912,Low
DL-3495,283,5,773.604,3,3868.0200000000004,Low
Co-2640,363,5,767.637,3,3838.1849999999995,Low
VM-11835,9,3,1270.41,2,3811.2300000000005,Low
PK-8910,122,4,948.456,2,3793.824,Low
LH-6750,126,5,745.65,2,3728.25,Low
AG-330,3,7,532.545,2,3727.8149999999996,Low
BO-1350,22,6,616.236,2,3697.416,Low
AI-855,204,4,919.974,2,3679.896,Low
TC-11295,13,5,730.908,2,3654.54,Low
JC-5340,143,6,606.105,2,3636.63,Low
SP-10920,108,4,896.391,2,3585.564,Low
LS-6975,179,5,716.184,2,3580.92,Low
CS-1950,136,5,714.072,2,3570.36,Low
KC-6540,34,7,505.893,2,3541.2509999999997,Low
TB-11355,15,8,438.162,2,3505.296,Low
DL-3330,706,3,1159.35,3,3478.0499999999997,Low
BD-1605,276,5,689.64,3,3448.2,Low
RF-9840,139,6,571.722,2,3430.332,Low
AR-405,223,6,571.11,2,3426.66,Low
TB-11175,217,4,850.326,2,3401.304,Low
SO-10335,401,4,831.498,3,3325.992,Low
AS-225,3,7,469.515,2,3286.605,Low
MS-7770,99,6,538.56,2,3231.3599999999997,Low
BT-1680,58,4,807.36,2,3229.44,Low
KD-6345,58,6,536.46,2,3218.76,Low
CM-1935,49,7,459.294,2,3215.058,Low
DC-3285,393,4,800.004,3,3200.016,Low
CA-2310,337,5,636.0600000000001,3,3180.3,Low
GH-4485,86,4,794.622,2,3178.488,Low
TT-11070,38,2,1572.33,2,3144.66,Low
VB-11745,5,4,783.63,2,3134.52,Low
GK-4620,101,4,764.601,2,3058.404,Low
XP-11865,161,3,1011.798,2,3035.3940000000002,Low
TB-11595,163,4,752.0699999999999,2,3008.2799999999997,Low
JW-6075,267,4,747.21,3,2988.84,Low
PK-9075,495,3,992.784,3,2978.352,Low
RB-9570,447,5,586.761,3,2933.805,Low
LH-7020,59,3,973.212,2,2919.636,Low
DB-3555,6,3,971.112,2,2913.336,Low
RF-9735,119,3,950.13,2,2850.39,Low
SS-10590,29,3,940.38,2,2821.14,Low
SN-10710,253,4,702.24,3,2808.96,Low
GD-4590,353,4,700.692,3,2802.768,Low
MO-7950,99,3,933.192,2,2799.576,Low
LF-7185,178,5,556.518,2,2782.59,Low
MC-7635,665,4,695.286,3,2781.144,Low
FG-4260,111,9,308.211,2,2773.8990000000003,Low
BG-1740,17,4,692.454,2,2769.816,Low
TS-11655,203,6,452.88,2,2717.2799999999997,Low
DB-3210,583,7,387.021,3,2709.147,Low
RS-9420,34,7,385.44,2,2698.08,Low
DB-3120,359,4,671.232,3,2684.928,Low
BE-1455,147,2,1340.31,2,2680.62,Low
KM-6225,372,3,891.3629999999999,3,2674.089,Low
SH-10635,159,4,658.98,2,2635.92,Low
GB-4530,114,5,525.9,2,2629.5,Low
AH-465,242,4,650.826,2,2603.304,Low
CG-2040,379,5,518.94,3,2594.7000000000003,Low
TW-11025,20,8,323.109,2,2584.872,Low
LH-6900,307,3,840.792,3,2522.376,Low
KE-6420,252,4,622.452,3,2489.808,Low
BG-1695,45,5,488.85,2,2444.25,Low
AO-810,8,5,485.007,2,2425.035,Low
VF-11715,95,4,602.352,2,2409.408,Low
BC-1125,30,6,396.042,2,2376.252,Low
BS-1380,132,5,469.458,2,2347.29,Low
CC-2610,345,3,782.3879999999999,3,2347.1639999999998,Low
TD-10995,181,3,780.378,2,2341.134,Low
CM-2385,575,4,580.614,3,2322.456,Low
HL-5040,189,4,579.336,2,2317.344,Low
PL-8925,50,3,759.21,2,2277.63,Low
EM-3825,483,6,378.258,3,2269.548,Low
SS-10875,251,4,556.314,3,2225.256,Low
FC-4335,111,4,550.95,2,2203.8,Low
NB-8655,111,5,434.616,2,2173.08,Low
LD-7005,44,6,361.686,2,2170.116,Low
CM-1815,62,5,431.874,2,2159.37,Low
TG-11310,161,3,714.417,2,2143.251,Low
CC-2430,472,2,1041.57,3,2083.14,Low
RK-9300,29,4,519.12,2,2076.48,Low
BV-1245,129,3,684.264,2,2052.792,Low
DB-2970,58,4,513.03,2,2052.12,Low
AD-180,6,3,681.288,2,2043.864,Low
AT-735,70,5,403.65,2,2018.25,Low
TZ-11580,49,5,403.014,2,2015.0700000000002,Low
BF-1215,118,5,398.919,2,1994.5949999999998,Low
CK-2595,216,3,662.28,2,1986.84,Low
MC-8100,105,3,659.34,2,1978.02,Low
GM-4455,209,4,488.43,2,1953.72,Low
QJ-9255,62,5,387.051,2,1935.2549999999999,Low
TS-11205,308,3,641.646,3,1924.9379999999999,Low
SC-10020,265,4,476.334,3,1905.336,Low
AG-390,113,4,473.112,2,1892.448,Low
DW-3585,29,4,461.874,2,1847.496,Low
SE-10110,79,3,613.71,2,1841.13,Low
BT-1395,34,4,448.848,2,1795.392,Low
HG-4965,100,5,354.588,2,1772.94,Low
DB-3270,49,2,886.23,2,1772.46,Low
BK-1260,41,6,291.564,2,1749.384,Low
AS-90,22,4,435.204,2,1740.816,Low
VP-11730,29,4,432.0,2,1728.0,Low
JK-5640,174,4,428.43,2,1713.72,Low
KW-6435,148,4,427.29,2,1709.16,Low
DJ-3420,2,4,419.64,2,1678.56,Low
SP-10545,19,4,418.32,2,1673.28,Low
RB-9360,94,4,404.508,2,1618.032,Low
VG-11790,148,4,386.172,2,1544.688,Low
NM-8520,159,1,1540.53,2,1540.53,Low
BP-1290,370,4,383.34,3,1533.36,Low
SP-10620,140,5,299.568,2,1497.84,Low
BF-1005,735,2,732.033,3,1464.066,Low
EP-3915,76,3,487.9500000000001,2,1463.8500000000004,Low
SV-10935,12,3,487.746,2,1463.2379999999998,Low
TH-11550,390,5,283.83,3,1419.1499999999999,Low
SR-10425,45,5,281.208,2,1406.0400000000002,Low
LR-6915,685,3,468.654,3,1405.962,Low
LS-7200,384,4,340.656,3,1362.624,Low
SJ-10500,275,3,454.068,3,1362.204,Low
NZ-8565,100,4,328.584,2,1314.336,Low
RB-9795,31,5,255.288,2,1276.44,Low
SS-10515,675,3,424.53,3,1273.59,Low
JE-5715,87,7,180.3,2,1262.1000000000001,Low
CM-2235,52,5,243.03,2,1215.15,Low
HR-4830,149,3,391.9380000000001,2,1175.8140000000003,Low
KC-6675,20,3,391.842,2,1175.5259999999998,Low
CY-2745,493,4,293.034,3,1172.136,Low
RW-9630,400,2,560.01,3,1120.02,Low
DB-3405,558,2,548.682,3,1097.364,Low
PP-8955,15,3,359.061,2,1077.183,Low
OT-8730,243,4,265.05,2,1060.2,Low
BB-1545,50,5,207.228,2,1036.14,Low
SP-10860,399,2,503.496,3,1006.992,Low
KN-6390,274,3,318.72,3,956.1600000000001,Low
EB-3870,498,5,184.872,3,924.3600000000001,Low
TM-11010,243,3,300.666,2,901.998,Low
KS-6300,107,4,221.61,2,886.44,Low
NC-8625,462,2,442.32,3,884.64,Low
RB-9645,240,3,282.594,2,847.7819999999999,Low
CT-1995,784,2,422.778,3,845.556,Low
RA-9915,140,2,420.66,2,841.32,Low
DK-3090,69,3,273.76800000000003,2,821.3040000000001,Low
KD-6270,812,1,813.06,3,813.06,Low
KB-6405,388,3,238.548,3,715.644,Low
AF-885,168,2,354.99,2,709.98,Low
CJ-2010,47,3,223.56,2,670.6800000000001,Low
YC-11895,100,4,166.299,2,665.196,Low
SC-10575,374,2,328.02,3,656.04,Low
JG-5805,134,3,208.38,2,625.14,Low
KD-6615,187,3,205.98,2,617.9399999999999,Low
JW-5955,107,2,307.8,2,615.6,Low
JK-5325,461,3,203.388,3,610.164,Low
ML-7410,170,3,193.134,2,579.4019999999999,Low
KM-6660,31,3,188.544,2,565.6320000000001,Low
FH-4275,135,5,113.064,2,565.3199999999999,Low
SH-10395,64,4,129.03,2,516.12,Low
NL-8310,576,2,251.322,3,502.644,Low
MF-7665,49,3,161.91,2,485.73,Low
KB-6585,372,2,216.78000000000003,3,433.56000000000006,Low
MC-7605,196,2,208.41,2,416.82,Low
EA-4035,166,3,131.808,2,395.424,Low
TN-11040,55,2,187.35,2,374.7,Low
DS-3180,72,2,185.136,2,370.272,Low
WB-11850,115,2,182.532,2,365.064,Low
FH-4350,15,3,110.481,2,331.443,Low
MG-7650,496,1,301.71,3,301.71,Low
CB-2535,8,2,147.12,2,294.24,Low
SC-10800,360,2,89.286,3,178.572,Low
ME-8010,393,1,160.5,3,160.5,Low
BD-1500,399,3,52.047,3,156.141,Low
BG-1035,601,1,124.416,3,124.416,Low
MP-7470,544,2,58.11,3,116.22,Low
DK-2985,1207,1,81.432,3,81.432,Low
MG-7875,404,1,80.19,3,80.19,Low
RC-9825,742,1,37.44,3,37.44,Low
MG-7890,374,1,19.128,3,19.128,Low
ZC-11910,201,1,7.173,2,7.173,Low
