customer_id,Recency,Frequency,Monetary
AA-10315,9,19,13747.413
AA-10375,7,23,5884.195
AA-10480,126,20,17695.58978
AA-10645,29,36,15343.8907
AA-315,3,7,2243.256
AA-375,254,8,654.492
AA-480,315,5,2063.493
AA-645,52,11,1968.324
AB-10015,17,32,20037.4975
AB-10060,43,32,18416.5504
AB-10105,28,33,22966.78
AB-10150,36,24,13057.294600000001
AB-10165,14,29,11649.265
AB-10255,6,31,10786.7164
AB-105,44,7,2156.4
AB-10600,51,22,13318.6631
AB-15,413,5,4607.13
AB-150,399,4,3143.88
AB-165,17,6,1399.776
AB-255,44,8,4679.502
AB-60,36,9,1770.2279999999998
AB-600,8,5,5408.55
AC-10420,7,24,10607.6947
AC-10450,6,19,16126.3904
AC-10615,7,29,12729.72448
AC-10660,3,21,6255.61908
AC-420,14,9,1689.675
AC-450,182,7,1026.597
AC-615,93,7,2298.432
AC-660,120,4,2676.09
AD-10180,30,27,17858.5048
AD-180,6,3,681.288
AF-10870,7,36,26487.2585
AF-10885,54,35,19711.16728
AF-870,6,9,1700.082
AF-885,168,2,354.99
AG-10270,41,25,10637.40422
AG-10300,3,24,13013.8762
AG-10330,9,29,14534.50618
AG-10390,115,19,8453.0096
AG-10495,79,29,15380.31006
AG-10525,13,20,8468.963
AG-10675,48,21,13023.836000000001
AG-10765,29,27,9824.7795
AG-10900,58,29,18174.17176
AG-270,14,8,2779.806
AG-300,99,6,1703.31
AG-330,3,7,532.545
AG-390,113,4,473.112
AG-495,49,11,1003.9920000000001
AG-525,16,7,2870.676
AG-675,174,10,2368.131
AG-765,115,8,1859.5320000000002
AG-900,24,4,1699.47
AH-10030,13,27,14439.49784
AH-10075,3,34,18109.86142
AH-10120,61,22,9927.83588
AH-10195,50,25,12628.19178
AH-10210,7,34,20365.74018
AH-10465,71,20,8547.83068
AH-10585,22,22,9125.8911
AH-10690,31,31,16276.16112
AH-120,22,4,1478.0819999999999
AH-195,279,9,2651.565
AH-210,458,4,3277.11
AH-30,469,7,6320.0160000000005
AH-465,242,4,650.826
AH-585,76,9,2232.222
AH-690,59,5,1817.898
AH-75,38,8,3608.34
AI-10855,14,22,8358.6023
AI-855,204,4,919.974
AJ-10780,49,25,15186.0672
AJ-10795,63,22,8887.077
AJ-10945,29,29,11087.024
AJ-10960,49,17,8633.59348
AJ-780,2,12,2570.994
AJ-795,37,10,3395.58
AJ-945,105,7,4860.924
AJ-960,295,10,4629.156
AM-10360,16,33,16730.3296
AM-10705,26,30,24218.5645
AM-360,176,6,2035.827
AM-705,137,6,1303.77
AO-10810,37,27,14537.7966
AO-810,8,5,485.007
AP-10720,42,20,15362.0613
AP-10915,77,32,15877.8603
AP-720,38,6,999.699
AP-915,93,5,2668.08
AR-10345,30,26,14165.796199999999
AR-10405,55,22,8956.82078
AR-10510,15,29,14277.88536
AR-10540,7,15,7983.9505
AR-10570,3,18,9445.64932
AR-10825,23,38,15311.035600000001
AR-345,142,9,2301.072
AR-405,223,6,571.11
AR-510,105,10,2638.638
AR-540,222,8,561.6
AR-570,71,9,2044.278
AR-825,34,7,2028.9119999999998
AS-10045,24,28,12596.2944
AS-10090,16,32,15009.47272
AS-10135,42,19,7307.2442
AS-10225,13,28,21366.8987
AS-10240,13,31,9006.66636
AS-10285,19,30,16179.86246
AS-10630,36,19,9815.9395
AS-135,93,5,3978.81
AS-225,3,7,469.515
AS-240,499,5,1686.51
AS-285,100,13,4938.4619999999995
AS-45,234,3,1616.334
AS-630,34,11,2000.01
AS-90,22,4,435.204
AT-10435,13,24,13654.3055
AT-10735,3,29,12984.1049
AT-435,29,12,1287.993
AT-735,70,5,403.65000000000003
AW-10840,17,25,13200.25552
AW-10930,36,22,10230.95856
AW-840,57,7,1947.0
AW-930,38,6,782.0550000000001
AY-10555,15,16,5446.61044
AY-555,36,11,3096.42
AZ-10750,71,18,9639.801
AZ-750,27,10,2231.277
BB-10990,15,30,9064.5327
BB-11545,29,26,15797.57188
BB-1545,50,5,207.228
BB-990,51,7,822.288
BC-11125,34,28,14789.447
BC-1125,30,6,396.042
BD-11320,6,32,13390.267
BD-11500,20,27,13089.8495
BD-11560,8,19,9356.77974
BD-11605,98,19,9202.66214
BD-11620,50,25,7849.0000199999995
BD-11635,10,25,11230.6983
BD-11725,5,30,10877.827
BD-11770,36,26,10168.32526
BD-1320,6,6,1885.05
BD-1500,399,3,52.047
BD-1560,91,5,1564.02
BD-1605,276,5,689.64
BD-1620,118,11,2919.597
BD-1635,325,9,5689.263
BD-1725,101,13,5078.400000000001
BD-1770,239,5,3405.066
BE-11335,36,37,27158.0184
BE-11410,85,30,16552.06996
BE-11455,4,27,17643.5253
BE-1335,573,5,1321.1490000000001
BE-1410,22,7,1859.859
BE-1455,147,2,1340.31
BF-1005,735,2,732.033
BF-1020,97,7,3006.996
BF-1080,210,6,3808.17
BF-10975,36,22,8104.7792
BF-11005,9,25,23347.83866
BF-11020,16,24,10201.2813
BF-11080,26,21,10134.5617
BF-11170,17,31,22314.84044
BF-11215,27,27,12968.9385
BF-11275,7,23,9578.59864
BF-1170,194,6,904.9200000000001
BF-1215,118,5,398.91900000000004
BF-1275,129,7,1009.9739999999999
BF-975,23,8,1730.232
BG-1035,601,1,124.416
BG-11035,29,33,19899.1474
BG-11695,10,19,10723.32038
BG-11740,7,24,14689.342499999999
BG-1695,45,5,488.84999999999997
BG-1740,17,4,692.454
BH-11710,24,31,23537.335
BH-1710,94,10,4583.286
BK-11260,27,27,13294.68736
BK-1260,41,6,291.564
BM-11140,9,29,25312.2927
BM-1140,14,6,1857.69
BM-11575,35,25,10351.33308
BM-11650,34,24,14920.99608
BM-11785,3,36,18446.8529
BM-1575,41,9,1703.982
BM-1650,482,8,2537.1059999999998
BM-1785,49,9,2244.342
BN-11470,12,29,23378.10388
BN-11515,10,23,10272.22552
BN-1470,23,7,2823.852
BN-1515,28,8,2606.8019999999997
BO-11350,112,20,7476.2546999999995
BO-11425,6,21,12356.58552
BO-1350,22,6,616.236
BO-1425,2,8,2671.257
BP-1050,12,9,4981.542
BP-1095,12,6,1759.668
BP-11050,6,21,5403.78676
BP-11095,3,32,8327.8696
BP-11155,33,24,13696.143460000001
BP-11185,2,28,15376.031719999999
BP-11230,40,23,12573.6136
BP-11290,13,29,12448.89978
BP-1155,262,6,1110.78
BP-1185,5,10,1430.616
BP-1230,84,8,6134.988
BP-1290,370,4,383.34000000000003
BS-11365,1,26,22551.02596
BS-11380,29,23,18305.9783
BS-11590,36,23,11358.58602
BS-11665,30,24,17468.881
BS-11755,2,29,17557.4595
BS-11800,10,21,10887.2118
BS-1365,38,5,957.63
BS-1380,132,5,469.458
BS-1590,238,5,819.4499999999999
BS-1665,153,7,5101.907999999999
BS-1755,296,5,1679.76
BS-1800,12,9,6364.854
BT-11305,29,24,10321.82
BT-11395,29,24,11347.529
BT-11440,52,21,8263.9755
BT-11485,31,29,8878.05054
BT-11530,34,25,13808.318
BT-11680,19,22,14087.7631
BT-1305,32,10,1305.96
BT-1395,34,4,448.848
BT-1440,94,10,2132.565
BT-1485,98,9,2803.974
BT-1530,353,7,1535.781
BT-1680,58,4,807.36
BV-11245,45,22,20681.678
BV-1245,129,3,684.264
BW-1065,23,5,9027.48
BW-11065,51,18,8409.0559
BW-1110,185,10,1696.83
BW-11110,55,35,30613.6165
BW-11200,41,29,11862.36908
BW-1200,134,4,3105.816
CA-11965,19,26,21110.5214
CA-12055,14,22,10691.028
CA-12265,35,31,18472.6689
CA-12310,14,21,7166.23086
CA-12775,94,26,18350.464
CA-1965,128,8,2883.141
CA-2055,259,3,1601.73
CA-2265,106,7,3364.638
CA-2310,337,5,636.0600000000001
CA-2775,310,4,1485.897
CB-12025,10,25,11685.3186
CB-12415,27,23,12705.54736
CB-12535,43,27,18108.67284
CB-2025,23,5,1840.8899999999999
CB-2415,517,4,1232.568
CB-2535,8,2,147.12
CC-12100,52,25,11500.12324
CC-12145,83,24,12190.6666
CC-12220,21,32,7308.7328
CC-12370,44,30,28229.8514
CC-12430,1,29,13997.592560000001
CC-12475,17,30,17159.80046
CC-12550,28,25,7908.65034
CC-12610,17,29,16822.64
CC-12670,17,28,9969.0279
CC-12685,55,20,12798.5442
CC-2100,61,5,1020.048
CC-2145,505,6,1158.18
CC-2220,22,12,4174.182
CC-2370,7,9,6957.225
CC-2430,472,2,1041.57
CC-2475,56,7,3709.881
CC-2550,272,5,1433.3999999999999
CC-2610,345,3,782.3879999999999
CC-2670,147,6,1527.5819999999999
CC-2685,132,5,4019.4120000000003
CD-11920,3,27,18296.7474
CD-11980,2,23,11848.16246
CD-12280,42,24,16779.54838
CD-12790,77,25,13468.1145
CD-1920,315,4,1821.219
CD-1980,7,7,1380.228
CD-2280,13,7,1205.04
CD-2790,132,7,1030.788
CG-12040,22,19,3596.268
CG-12520,29,18,13545.47002
CG-2040,379,5,518.94
CG-2520,120,7,1116.204
CH-12070,90,21,11122.55656
CH-2070,307,8,4545.6179999999995
CJ-11875,14,23,12538.83296
CJ-12010,34,26,19356.0046
CJ-1875,33,6,1431.432
CJ-2010,47,3,223.56
CK-12205,5,38,13625.20784
CK-12325,62,27,9927.89832
CK-12595,44,33,16480.86618
CK-12760,58,26,6574.8044
CK-2205,80,5,950.697
CK-2325,1,8,3125.295
CK-2595,216,3,662.28
CK-2760,38,12,4015.95
CL-11890,14,31,17622.41136
CL-12565,6,30,17008.13588
CL-12700,9,31,17943.6508
CL-1890,93,9,560.745
CL-2565,43,6,2775.636
CL-2700,142,4,1432.374
CM-11815,41,23,14362.8004
CM-11830,7,24,16828.819
CM-11935,37,18,9689.0124
CM-12115,9,20,14657.9493
CM-12160,27,26,17910.03942
CM-12190,1,25,11375.05222
CM-12235,43,22,11377.591
CM-12385,38,25,21882.96992
CM-12445,16,25,11971.70808
CM-12655,28,18,14188.72268
CM-12715,42,19,8392.5789
CM-1815,62,5,431.874
CM-1830,114,13,4777.407
CM-1935,49,7,459.294
CM-2115,21,3,1907.3700000000001
CM-2160,50,5,2245.92
CM-2190,153,4,1451.49
CM-2235,52,5,243.03
CM-2385,575,4,580.614
CM-2445,349,4,1741.578
CM-2655,51,12,1389.834
CM-2715,118,7,2838.264
CP-12085,70,23,14183.8819
CP-12340,9,30,20109.46928
CP-2085,143,10,5585.7
CP-2340,464,4,5044.65
CR-12580,23,20,8700.3125
CR-12625,44,28,17271.20568
CR-12730,23,24,19487.963760000002
CR-12820,61,24,14470.55056
CR-2580,35,5,3057.2639999999997
CR-2625,140,9,5079.897
CR-2730,6,11,1359.576
CR-2820,56,8,1188.012
CS-11845,16,26,20471.0526
CS-11860,78,21,10555.92482
CS-11950,26,31,14222.97134
CS-12130,12,22,10981.231
CS-12175,61,29,16706.0963
CS-12250,27,30,12496.1053
CS-12355,7,31,9240.896999999999
CS-12400,2,23,10221.36436
CS-12460,7,23,20084.21728
CS-12490,3,30,11110.4965
CS-12505,28,16,11535.2464
CS-1845,25,8,1593.3120000000001
CS-1860,51,9,1618.674
CS-1950,136,5,714.072
CS-2130,306,4,1367.268
CS-2175,58,5,3340.098
CS-2250,3,4,1917.624
CS-2355,56,9,1307.16
CS-2400,12,5,2293.17
CS-2460,203,8,2671.227
CS-2490,170,3,1664.13
CS-2505,51,7,1894.5
CT-11995,29,27,13715.79704
CT-1995,784,2,422.778
CV-12295,40,20,9042.26818
CV-12805,5,20,9764.1306
CV-2295,86,9,1283.241
CV-2805,258,7,5088.852
CW-11905,9,25,12917.6316
CW-1905,385,4,1436.31
CY-12745,61,31,13928.4683
CY-2745,493,4,293.034
Co-12640,5,25,12279.23076
Co-2640,363,5,767.637
DA-13450,14,25,13035.368260000001
DA-3450,15,4,2212.05
DB-12910,3,27,12338.2837
DB-12970,218,11,9166.2092
DB-13060,17,26,23476.91166
DB-13120,6,16,5602.59462
DB-13210,8,27,13743.5959
DB-13270,10,25,11690.3695
DB-13360,48,28,6919.81436
DB-13405,29,26,16083.95666
DB-13555,37,22,9415.2204
DB-13615,28,28,10031.4568
DB-13660,13,20,11397.064840000001
DB-2910,55,8,3051.18
DB-2970,58,4,513.03
DB-3060,9,8,2070.258
DB-3120,359,4,671.232
DB-3210,583,7,387.021
DB-3270,49,2,886.23
DB-3360,435,2,3691.53
DB-3405,558,2,548.682
DB-3555,6,3,971.1120000000001
DB-3615,108,4,2824.152
DB-3660,238,3,2207.712
DC-12850,38,29,9307.3655
DC-13285,19,23,16164.6499
DC-2850,35,9,4131.144
DC-3285,393,4,800.004
DD-13570,42,24,8741.4648
DD-3570,64,8,2331.4139999999998
DE-13255,20,22,10085.789999999999
DE-3255,49,8,2714.49
DF-13135,10,18,10240.3839
DF-3135,44,4,1301.652
DG-13300,31,28,13731.428
DG-3300,15,6,2982.312
DH-13075,76,25,14128.6781
DH-13675,22,17,7817.3085
DH-3075,160,10,2063.682
DH-3675,21,12,4661.844
DJ-13420,23,28,22142.43114
DJ-13510,7,31,15420.2879
DJ-13630,13,27,12560.130000000001
DJ-3420,2,4,419.64
DJ-3510,7,7,5976.6900000000005
DJ-3630,35,6,1293.9479999999999
DK-12835,22,32,17590.5547
DK-12895,46,22,18340.62916
DK-12985,2,35,14823.9685
DK-13090,9,36,19178.6392
DK-13150,11,22,15983.711
DK-13225,2,29,9246.4686
DK-13375,5,26,16258.534
DK-2835,22,11,3373.143
DK-2895,147,6,1292.13
DK-2985,1207,1,81.432
DK-3090,69,3,273.76800000000003
DK-3150,58,14,1577.874
DK-3225,66,8,1407.984
DK-3375,118,10,3846.78
DL-12865,58,34,11185.7181
DL-12925,58,21,11364.6808
DL-13315,19,27,18505.6005
DL-13330,13,34,16781.631
DL-13495,23,27,15872.184000000001
DL-2865,203,7,1502.964
DL-2925,38,7,831.996
DL-3315,48,6,1746.87
DL-3330,706,3,1159.3500000000001
DL-3495,283,5,773.604
DM-12955,41,32,19862.57592
DM-13015,6,30,15626.5318
DM-13345,3,27,17054.8905
DM-13525,36,19,9640.38168
DM-2955,13,9,2437.407
DM-3015,3,6,2105.79
DM-3345,146,6,4998.42
DM-3525,322,6,2191.266
DN-13690,20,24,13098.338
DN-3690,13,5,1815.954
DO-13435,65,32,15280.8855
DO-13645,27,25,12083.48092
DO-3435,37,10,3515.73
DO-3645,42,5,1689.252
DP-13000,62,31,13882.7624
DP-13105,7,25,18930.032199999998
DP-13165,8,25,22211.28212
DP-13390,1,27,10282.7912
DP-3000,15,10,2093.61
DP-3105,65,6,6970.715999999999
DP-3165,8,6,1517.952
DP-3390,13,6,1376.1299999999999
DR-12880,4,32,14415.3383
DR-12940,28,33,25641.46492
DR-2880,5,8,2291.463
DR-2940,40,8,2288.4
DS-13030,94,26,11644.2965
DS-13180,15,31,13447.412
DS-3030,49,6,1636.512
DS-3180,72,2,185.136
DV-13045,20,24,18106.01292
DV-13465,30,20,12910.87688
DV-3045,34,13,4640.319
DV-3465,14,5,4037.82
DW-13195,7,26,9689.3171
DW-13480,66,23,16336.8556
DW-13540,13,20,13166.414999999999
DW-13585,6,37,12143.0436
DW-3195,1064,4,1241.2259999999999
DW-3480,56,12,7118.106000000001
DW-3540,55,4,1216.587
DW-3585,29,4,461.87399999999997
Dl-13600,6,20,11912.7634
Dl-3600,112,10,2809.056
Dp-13240,19,28,22225.61032
Dp-3240,26,7,609.3
EA-14035,94,31,11387.06772
EA-4035,166,3,131.808
EB-13705,49,30,12382.284099999999
EB-13750,33,20,8489.991
EB-13840,3,25,20188.15894
EB-13870,16,19,6850.983700000001
EB-13930,20,18,9533.9519
EB-13975,1,32,13405.6013
EB-14110,36,24,13665.4673
EB-14170,20,23,6736.4391
EB-3705,399,3,3141.63
EB-3750,185,6,939.153
EB-3840,44,6,1797.738
EB-3870,498,5,184.872
EB-3930,8,9,2433.516
EB-3975,36,9,2713.62
EB-4110,21,10,2417.757
EB-4170,55,6,1267.6200000000001
EC-14050,54,19,4430.2361
EC-4050,163,7,2301.315
ED-13885,16,31,18018.879
ED-3885,57,8,525.474
EG-13900,23,21,16562.35068
EG-3900,52,11,6549.951
EH-13765,3,29,20259.916
EH-13945,58,27,7832.68602
EH-13990,45,26,8807.0846
EH-14005,3,28,10374.9381
EH-14125,103,31,17408.31362
EH-14185,68,29,12800.51382
EH-3765,129,9,1010.382
EH-3945,112,9,2518.74
EH-3990,34,6,672.489
EH-4005,197,7,2629.674
EH-4125,23,13,5012.22
EH-4185,122,8,3577.77
EJ-13720,50,22,8969.44
EJ-14155,28,23,12324.8446
EJ-3720,157,8,1727.964
EJ-4155,23,5,2631.99
EK-13795,45,17,5597.3462
EK-3795,213,6,1531.083
EL-13735,54,23,10515.862000000001
EL-3735,27,11,3691.392
EM-13810,79,23,13549.72804
EM-13825,56,26,14128.078160000001
EM-13960,3,37,25228.52948
EM-14065,17,17,12108.30958
EM-14095,9,17,10889.6997
EM-14140,25,30,21507.29126
EM-14200,42,23,17087.77766
EM-3810,59,6,1032.879
EM-3825,483,6,378.258
EM-3960,195,8,2855.874
EM-4065,53,9,3213.246
EM-4095,132,9,2833.56
EM-4140,94,6,1900.791
EM-4200,152,4,2585.898
EN-13780,15,20,6333.9164
EN-3780,206,8,734.856
EP-13915,13,33,16283.35774
EP-3915,76,3,487.95000000000005
ER-13855,70,19,13396.0
ER-3855,54,7,3736.296
ES-14020,1,32,12827.272939999999
ES-14080,29,24,16236.0058
ES-4020,29,7,1892.778
ES-4080,146,9,1925.544
FA-14230,23,29,13535.0628
FA-4230,185,6,814.572
FC-14245,43,23,10867.8088
FC-14335,108,23,8770.73964
FC-4245,492,6,1540.6380000000001
FC-4335,111,4,550.95
FG-14260,35,18,9396.5055
FG-4260,111,9,308.211
FH-14275,5,23,13569.566
FH-14350,2,20,10654.52882
FH-14365,2,30,27649.32652
FH-4275,135,5,113.064
FH-4350,15,3,110.481
FH-4365,167,9,2751.348
FM-14215,8,31,14353.3978
FM-14290,37,30,14382.319220000001
FM-14380,146,21,6598.3976999999995
FM-4215,97,6,2935.614
FM-4290,3,8,2002.71
FM-4380,2,6,843.54
FO-14305,23,37,15614.2155
FO-4305,52,10,2158.446
FP-14320,24,29,9939.0502
FP-4320,28,5,816.582
FW-14395,64,26,16972.7481
FW-4395,1,8,1220.811
GA-14515,23,24,12488.67232
GA-14725,3,24,8817.5455
GA-4515,36,7,1318.389
GA-4725,71,4,1460.796
GB-14530,34,25,11657.753
GB-14575,14,24,10748.99238
GB-4530,114,5,525.9
GB-4575,210,6,1821.912
GD-14590,6,29,18005.0006
GD-4590,353,4,700.692
GG-14650,34,28,12902.96276
GG-4650,104,5,1000.422
GH-14410,21,36,13659.59598
GH-14425,19,31,20039.763
GH-14485,52,21,14692.6742
GH-14665,3,29,12921.45162
GH-4410,298,9,1610.22
GH-4425,22,10,4585.83
GH-4485,86,4,794.622
GH-4665,2,9,1077.069
GK-14620,13,24,19215.7699
GK-4620,101,4,764.601
GM-14440,20,26,15782.46188
GM-14455,17,17,10523.649
GM-14500,107,23,6704.18562
GM-14680,2,31,12010.60944
GM-14695,48,19,14564.942000000001
GM-4440,2,8,735.216
GM-4455,209,4,488.43
GM-4500,105,5,4298.37
GM-4680,73,6,1590.402
GM-4695,223,7,791.502
GP-14740,2,25,10793.729
GP-4740,152,8,4610.103
GR-14560,50,24,8895.05754
GR-4560,154,6,4955.5289999999995
GT-14635,57,20,19080.34784
GT-14710,9,30,34471.89028
GT-14755,35,23,5601.70652
GT-4635,10,7,1145.01
GT-4710,56,4,1079.0639999999999
GT-4755,1,8,3457.578
GW-14605,19,25,16239.4915
GW-4605,15,8,1830.789
GZ-14470,8,35,20869.699
GZ-14545,77,24,11593.7308
GZ-4470,148,8,3835.626
GZ-4545,31,6,3698.388
HA-14905,70,24,15826.81444
HA-14920,21,25,9740.3981
HA-4905,14,4,1106.604
HA-4920,91,6,670.674
HD-14785,43,29,16749.140199999998
HD-4785,107,7,3325.6079999999997
HE-14800,7,27,9902.49522
HE-4800,37,8,1091.3220000000001
HF-14995,15,28,9712.8699
HF-4995,391,8,2099.973
HG-14845,13,30,21228.55452
HG-14965,24,34,16810.6866
HG-15025,7,29,14737.8066
HG-4845,142,9,2987.898
HG-4965,100,5,354.588
HG-5025,24,7,1476.612
HH-15010,55,24,13731.73782
HH-5010,197,3,1497.57
HJ-14875,6,32,14312.7962
HJ-4875,311,6,1121.22
HK-14890,44,27,13886.4431
HK-4890,57,6,1656.966
HL-15040,31,20,29664.23058
HL-5040,189,4,579.336
HM-14860,2,37,27434.1676
HM-14980,26,29,12718.7916
HM-4860,35,4,1042.77
HM-4980,465,5,4409.298
HP-14815,31,24,7321.4395
HP-4815,64,5,1196.682
HR-14770,14,18,11126.929
HR-14830,52,21,9637.15436
HR-4770,188,8,4550.322
HR-4830,149,3,391.93800000000005
HW-14935,35,28,17199.202
HW-4935,57,7,1174.824
HZ-14950,36,22,9656.4048
HZ-4950,209,6,2830.4159999999997
IG-15085,14,25,10383.13098
IG-5085,2,12,5766.243
IL-15100,117,25,11802.69376
IL-5100,164,7,1052.808
IM-15055,16,15,5154.83976
IM-15070,41,27,17854.10112
IM-5055,20,7,4324.95
IM-5070,51,7,2064.066
JA-15970,1,25,17105.4707
JA-5970,1,7,1057.227
JB-15400,8,34,13085.5039
JB-15925,10,19,12325.28696
JB-16000,2,32,22127.18112
JB-16045,1,24,13851.27568
JB-5400,83,7,2172.0299999999997
JB-5925,23,8,1012.092
JB-6000,175,7,1881.006
JB-6045,29,10,3235.656
JC-15340,35,29,17836.2846
JC-15385,9,25,12978.930919999999
JC-15775,2,25,10582.78504
JC-16105,58,28,11079.10488
JC-5340,143,6,606.105
JC-5385,16,9,3183.0750000000003
JC-5775,14,5,1712.487
JC-6105,103,6,3914.94
JD-15790,16,24,10267.74976
JD-15895,7,32,16711.32422
JD-16015,49,24,8690.6293
JD-16060,66,19,7683.04096
JD-16150,1,28,18281.84948
JD-5790,300,5,1323.072
JD-5895,3,6,2770.4339999999997
JD-6015,43,8,2652.7799999999997
JD-6060,141,9,3541.44
JD-6150,22,6,5329.7699999999995
JE-15475,36,22,5905.076
JE-15610,43,26,13192.6924
JE-15715,10,36,22275.2689
JE-15745,33,35,19629.12896
JE-16165,21,20,8352.71836
JE-5475,28,8,914.178
JE-5610,176,6,756.855
JE-5715,87,7,180.29999999999998
JE-5745,195,7,2275.5
JE-6165,37,8,4555.716
JF-15190,7,28,17064.7075
JF-15295,57,24,20382.2503
JF-15355,14,22,7343.566
JF-15415,3,23,14717.46588
JF-15490,5,30,9234.53286
JF-15565,2,29,19844.14866
JF-5190,150,8,3510.1679999999997
JF-5295,64,8,2433.942
JF-5355,97,9,3475.7639999999997
JF-5415,38,11,8227.02
JF-5490,100,7,1487.385
JF-5565,421,6,3776.7000000000003
JG-15115,69,19,12801.82588
JG-15160,2,32,19963.41
JG-15310,3,24,12733.7039
JG-15805,1,37,22015.3862
JG-5115,6,9,2907.678
JG-5160,17,8,1588.116
JG-5310,44,5,836.994
JG-5805,134,3,208.38
JH-15430,6,31,11806.1963
JH-15820,14,31,23586.7205
JH-15910,42,32,12532.7177
JH-15985,12,38,18863.4044
JH-16180,51,31,18267.0064
JH-5430,8,9,883.476
JH-5820,43,7,2359.011
JH-5910,41,8,4013.994
JH-5985,53,7,2073.48
JH-6180,28,9,5651.8949999999995
JJ-15445,34,19,9696.8474
JJ-15760,3,28,18103.64108
JJ-5445,20,6,2490.204
JJ-5760,269,6,1890.126
JK-15205,62,24,10917.0012
JK-15325,78,28,17000.84332
JK-15370,2,27,10189.51404
JK-15625,2,27,12754.4081
JK-15640,1,26,12637.4495
JK-15730,49,34,20825.892
JK-16090,9,33,21918.73684
JK-16120,98,26,13134.71664
JK-5205,592,5,1617.6
JK-5325,461,3,203.38799999999998
JK-5370,145,6,3211.452
JK-5625,317,8,4364.763
JK-5640,174,4,428.43
JK-5730,484,6,5862.87
JK-6090,13,5,1215.516
JK-6120,141,6,2513.07
JL-15130,9,28,12908.49914
JL-15175,7,27,13499.87246
JL-15235,14,24,18725.38964
JL-15505,31,22,8631.695
JL-15835,22,30,22594.043
JL-15850,45,22,8497.68
JL-5130,198,12,5765.400000000001
JL-5175,125,5,1353.09
JL-5235,2,4,1751.712
JL-5505,342,3,2729.3399999999997
JL-5835,55,7,3388.275
JL-5850,698,4,2003.598
JM-15250,36,24,15594.46182
JM-15265,38,29,15036.5537
JM-15535,15,20,6942.403
JM-15580,1,24,13295.857
JM-15655,9,34,16294.727060000001
JM-15865,69,29,20841.946500000002
JM-16195,58,25,7825.5646
JM-5250,7,5,2424.201
JM-5265,121,4,1131.912
JM-5535,244,5,847.827
JM-5580,50,5,880.3230000000001
JM-5655,123,8,3602.67
JM-5865,71,6,1544.268
JM-6195,13,8,1200.492
JO-15145,58,23,10440.976
JO-15280,15,21,7123.5651
JO-15550,72,19,4002.8940000000002
JO-5145,6,6,2904.714
JO-5280,20,4,1694.8500000000001
JO-5550,13,9,4203.78
JP-15460,37,26,10916.36982
JP-15520,9,26,16429.04996
JP-16135,44,34,10163.5086
JP-5460,189,10,3294.018
JP-5520,113,4,2227.524
JP-6135,27,8,4432.650000000001
JR-15670,13,20,13338.0916
JR-15700,8,18,9568.31976
JR-16210,19,21,12589.959
JR-5670,129,6,2585.034
JR-5700,14,6,1673.163
JR-6210,38,6,1033.29
JS-15595,6,18,9334.6385
JS-15685,41,26,14338.5195
JS-15880,12,20,10443.1001
JS-15940,6,15,3874.766
JS-16030,22,32,19218.81298
JS-5595,680,6,806.691
JS-5685,143,5,1944.06
JS-5880,209,6,1745.997
JS-5940,24,13,2927.3399999999997
JS-6030,219,4,1573.038
JW-15220,13,34,23103.7263
JW-15955,6,30,10640.8287
JW-16075,2,25,19852.773
JW-5220,101,6,7184.724
JW-5955,107,2,307.8
JW-6075,267,4,747.21
KA-16525,17,35,17449.90012
KA-6525,94,7,1429.884
KB-16240,5,27,9900.698
KB-16315,3,29,14542.76228
KB-16405,20,28,13786.0925
KB-16585,94,27,16385.749499999998
KB-16600,2,25,10295.9567
KB-6240,202,7,1945.32
KB-6315,23,11,2957.715
KB-6405,388,3,238.548
KB-6585,372,2,216.78000000000003
KB-6600,10,11,1167.738
KC-16255,45,27,9321.9643
KC-16540,42,25,18897.130259999998
KC-16675,3,23,13531.28104
KC-6255,58,8,1094.358
KC-6540,34,7,505.893
KC-6675,20,3,391.842
KD-16270,37,29,23204.2675
KD-16345,42,15,11157.0404
KD-16495,47,36,24996.5031
KD-16615,76,24,12348.44362
KD-6270,812,1,813.06
KD-6345,58,6,536.46
KD-6495,399,4,1454.76
KD-6615,187,3,205.98
KE-16420,27,31,12928.68672
KE-6420,252,4,622.452
KF-16285,38,21,15164.8685
KF-6285,33,9,3100.152
KH-16330,17,26,15045.6445
KH-16360,2,28,9983.5094
KH-16510,23,26,15340.396
KH-16630,9,27,7220.70456
KH-16690,3,39,18158.4601
KH-6330,20,13,3371.208
KH-6360,101,7,2221.365
KH-6510,16,7,1544.34
KH-6630,327,5,1795.866
KH-6690,239,7,1696.014
KL-16555,16,26,12064.3877
KL-16645,48,28,22553.1085
KL-6555,176,7,2184.06
KL-6645,1,5,1576.296
KM-16225,1,18,7754.5516
KM-16375,3,28,16394.46064
KM-16660,16,29,10785.2626
KM-16720,29,23,14041.02
KM-6225,372,3,891.3629999999999
KM-6375,322,5,2124.699
KM-6660,31,3,188.544
KM-6720,350,3,2928.654
KN-16390,20,29,19350.14634
KN-16450,38,26,16294.6981
KN-16705,99,19,5884.778
KN-6390,274,3,318.72
KN-6450,94,8,1767.282
KN-6705,124,5,4830.858
KS-16300,36,21,5103.36318
KS-6300,107,4,221.61
KT-16465,44,32,15725.0362
KT-16480,28,20,6240.6521
KT-6465,106,7,1532.124
KT-6480,85,7,2119.74
KW-16435,27,23,15319.9656
KW-16570,23,34,9256.0553
KW-6435,148,4,427.28999999999996
KW-6570,49,6,2577.7200000000003
LA-16780,14,34,24273.0019
LA-6780,2,12,3589.44
LB-16735,10,29,12686.03922
LB-16795,40,31,24589.87022
LB-6735,138,7,1897.95
LB-6795,57,8,1796.115
LC-16870,28,21,9859.89236
LC-16885,17,29,17058.8144
LC-16930,42,26,11660.69496
LC-16960,3,22,11812.0975
LC-17050,5,23,12933.87382
LC-17140,14,30,13128.24376
LC-6870,24,8,1220.451
LC-6885,210,9,1828.086
LC-6930,72,9,5080.688999999999
LC-6960,192,8,2487.402
LC-7050,7,7,7193.652
LC-7140,17,6,2954.43
LD-16855,43,30,13361.93258
LD-17005,50,27,11461.65464
LD-6855,81,8,2822.706
LD-7005,44,6,361.686
LE-16810,15,24,10429.2537
LE-6810,64,6,1049.52
LF-17185,23,22,12864.7205
LF-7185,178,5,556.518
LH-16750,13,22,7945.0902
LH-16900,22,29,12098.37728
LH-17020,42,18,8189.785800000001
LH-17155,76,29,14063.4898
LH-6750,126,5,745.65
LH-6900,307,3,840.792
LH-7020,59,3,973.212
LH-7155,128,8,3228.75
LL-16840,27,26,11287.78406
LL-6840,36,9,3649.152
LM-17065,85,18,9249.383
LM-7065,8,4,6280.47
LO-17170,3,28,11256.3236
LO-7170,5,7,2281.185
LP-17080,41,24,7631.9895
LP-17095,10,26,15598.1516
LP-7080,185,7,1831.338
LP-7095,1,4,1011.36
LR-16915,27,26,22434.08756
LR-17035,46,26,16118.9722
LR-6915,685,3,468.654
LR-7035,107,9,2677.98
LS-16945,28,20,10420.11776
LS-16975,21,22,8646.9157
LS-17200,16,24,15258.74122
LS-17230,5,24,10577.17148
LS-17245,35,24,10758.988000000001
LS-6945,7,12,2726.034
LS-6975,179,5,716.184
LS-7200,384,4,340.656
LS-7230,100,10,1164.348
LS-7245,218,6,953.151
LT-16765,7,30,17253.78294
LT-17110,35,26,12986.77316
LT-6765,9,4,1365.33
LT-7110,56,6,8234.994
LW-16825,23,20,9990.855239999999
LW-16990,24,23,9111.8495
LW-17125,42,16,5369.269
LW-17215,22,24,10529.49144
LW-6825,33,11,881.754
LW-6990,15,11,1869.771
LW-7125,34,9,2677.341
LW-7215,133,5,1522.014
MA-17560,65,24,10813.79188
MA-17995,43,22,10006.45034
MA-7560,233,4,1628.166
MA-7995,17,11,1928.007
MB-17305,2,27,16729.34532
MB-18085,45,30,14744.230880000001
MB-7305,23,8,4874.589
MB-8085,12,8,1703.508
MC-17275,45,34,11680.0495
MC-17425,24,30,15055.40518
MC-17575,28,33,14281.65306
MC-17590,52,25,10118.84168
MC-17605,50,26,13019.2019
MC-17635,6,34,21113.5107
MC-17845,2,31,14947.88402
MC-18100,42,33,11353.7466
MC-18130,52,23,8532.703
MC-7275,236,5,4301.043
MC-7425,36,5,1489.851
MC-7575,10,8,3619.188
MC-7590,337,3,1554.06
MC-7605,196,2,208.41
MC-7635,665,4,695.286
MC-7845,35,4,991.728
MC-8100,105,3,659.34
MC-8130,288,5,826.35
MD-17350,27,30,16455.32732
MD-17860,37,28,15575.64874
MD-7350,83,6,1374.198
MD-7860,104,5,6853.512
ME-17320,6,30,24527.029
ME-17725,29,28,7839.8866
ME-18010,43,27,10547.63192
ME-7320,21,10,1720.1879999999999
ME-7725,12,11,2083.875
ME-8010,393,1,160.5
MF-17665,52,29,13366.53134
MF-18250,8,32,20425.299600000002
MF-7665,49,3,161.91
MF-8250,63,6,1517.5500000000002
MG-17650,20,21,12717.26968
MG-17680,37,28,16061.6441
MG-17695,1,25,16221.6268
MG-17875,6,33,14452.82062
MG-17890,6,29,13162.2489
MG-18145,3,24,18147.9582
MG-18205,3,29,16362.8956
MG-7650,496,1,301.71
MG-7680,75,9,4298.478
MG-7695,336,7,2104.596
MG-7875,404,1,80.19
MG-7890,374,1,19.128
MG-8145,282,3,5229.1140000000005
MG-8205,2,7,1648.944
MH-17290,38,25,13718.69666
MH-17440,9,25,7945.0458
MH-17455,55,27,9974.27472
MH-17620,24,20,11038.31378
MH-17785,1,26,11676.13204
MH-18025,21,19,11753.7025
MH-18115,6,26,12017.105
MH-7290,738,3,1685.34
MH-7440,97,8,3357.7799999999997
MH-7455,93,10,4747.371
MH-7620,246,7,1179.666
MH-7785,8,9,1914.834
MH-8025,15,9,1095.426
MH-8115,59,7,1260.702
MJ-17740,22,26,15347.655
MJ-7740,160,4,1136.898
MK-17905,22,31,13202.4489
MK-18160,23,20,10043.3188
MK-7905,150,11,1244.955
MK-8160,41,10,2697.066
ML-17395,1,25,14507.07948
ML-17410,34,30,14981.7043
ML-17755,2,28,14425.1044
ML-18040,8,19,8677.599
ML-18265,101,26,14674.00116
ML-7395,133,7,1049.4
ML-7410,170,3,193.134
ML-7755,27,7,1108.5
ML-8040,45,7,1690.896
ML-8265,9,9,1170.72
MM-17260,5,26,15713.71812
MM-17920,8,33,20383.654
MM-18055,16,25,11163.587
MM-18280,13,25,7134.304
MM-7260,132,5,5510.358
MM-7920,29,6,1350.03
MM-8055,34,8,1924.911
MM-8280,72,10,3586.695
MN-17935,9,21,12870.93412
MN-7935,31,6,2175.33
MO-17500,37,24,10314.4082
MO-17800,7,25,13709.1228
MO-17950,7,14,4527.392
MO-7500,282,5,810.8699999999999
MO-7800,15,9,4294.2660000000005
MO-7950,99,3,933.192
MP-17470,6,28,12928.8028
MP-17965,28,39,17228.4977
MP-18175,17,36,22045.252800000002
MP-7470,544,2,58.11
MP-7965,197,8,567.093
MP-8175,91,6,2169.174
MR-17545,98,23,19246.7123
MR-7545,101,6,2325.24
MS-17365,6,34,20317.0067
MS-17530,16,25,13335.04236
MS-17710,30,26,8500.63026
MS-17770,35,36,17382.93504
MS-17830,24,26,11783.3973
MS-17980,27,27,16210.5722
MS-7365,112,5,1365.54
MS-7530,52,8,1456.806
MS-7710,64,8,1529.46
MS-7770,99,6,538.56
MS-7830,5,8,4322.904
MS-7980,7,5,1654.644
MT-17815,50,27,13845.5188
MT-18070,128,24,10920.3999
MT-7815,177,6,1500.588
MT-8070,324,7,6851.922
MV-17485,17,27,10563.3673
MV-18190,20,30,15577.035600000001
MV-7485,471,5,952.536
MV-8190,8,8,3995.04
MW-18220,18,28,20592.081299999998
MW-18235,17,24,17933.0609
MW-8220,45,8,2476.497
MW-8235,1,6,1070.772
MY-17380,30,28,14724.1472
MY-18295,1,29,25570.49418
MY-7380,323,4,1745.5739999999998
MY-8295,44,10,4072.167
MZ-17335,22,26,14463.9343
MZ-17515,24,25,13383.976840000001
MZ-7335,113,5,3494.226
MZ-7515,79,9,3193.161
NB-18580,453,10,4875.5984
NB-18655,20,22,9647.2046
NB-8580,429,7,1059.477
NB-8655,111,5,434.616
NC-18340,6,22,13905.34712
NC-18415,40,19,9255.794
NC-18535,7,22,11054.378
NC-18625,21,29,16901.51758
NC-8340,36,9,2707.962
NC-8415,107,5,1503.426
NC-8535,139,7,1250.871
NC-8625,462,2,442.32
ND-18370,13,23,10913.15082
ND-18460,6,22,12061.44172
ND-8370,34,6,2790.234
ND-8460,9,10,2722.98
NF-18385,8,32,28044.3595
NF-18475,7,22,10630.9149
NF-18595,12,22,10535.301519999999
NF-8385,2,11,3736.899
NF-8475,44,7,2019.006
NF-8595,513,5,1731.936
NG-18355,49,21,9262.72936
NG-18430,28,28,18970.41454
NG-8355,104,7,2746.47
NG-8430,19,8,3749.829
NH-18610,21,22,19181.9263
NH-8610,6,6,2121.522
NK-18490,27,24,11483.193
NK-8490,207,4,2395.35
NL-18310,26,25,10587.3308
NL-8310,576,2,251.322
NM-18445,31,32,20223.2359
NM-18520,20,27,12328.606
NM-8445,34,9,4053.7200000000003
NM-8520,159,1,1540.53
NP-18325,2,25,11778.491
NP-18670,59,19,12839.01426
NP-18685,15,30,11363.4332
NP-18700,29,27,14036.4335
NP-8325,16,8,1336.686
NP-8670,227,6,2871.87
NP-8685,115,4,4994.849999999999
NP-8700,38,6,1880.622
NR-18550,3,26,10993.42058
NR-8550,15,8,1898.481
NS-18505,7,25,14834.28974
NS-18640,37,37,14866.087
NS-8505,14,5,962.8530000000001
NS-8640,48,8,1771.437
NW-18400,173,26,15326.833059999999
NW-8400,118,7,7046.736
NZ-18565,86,26,19941.69812
NZ-8565,100,4,328.584
ON-18715,48,33,17763.94824
ON-8715,460,5,1507.758
OT-18730,34,32,19493.76566
OT-8730,243,4,265.05
PA-19060,24,21,6723.23276
PA-9060,178,6,3670.581
PB-18805,9,19,12075.39774
PB-19105,58,16,8087.781
PB-19150,6,33,7907.2555600000005
PB-19210,9,27,18967.662
PB-8805,121,9,2787.672
PB-9105,1,4,1808.208
PB-9150,42,10,3478.443
PB-9210,308,7,5302.197
PC-18745,3,21,10693.49644
PC-19000,22,18,9474.0653
PC-8745,58,5,1246.56
PC-9000,573,4,1160.43
PF-19120,85,28,27993.04966
PF-19165,92,36,16018.8427
PF-19225,3,30,11915.1997
PF-9120,84,10,1882.95
PF-9165,35,7,2007.642
PF-9225,15,7,1474.272
PG-18820,21,35,14635.9446
PG-18895,3,28,13941.6862
PG-8820,31,6,1846.56
PG-8895,300,6,1981.302
PH-18790,58,19,9435.5663
PH-8790,115,8,1746.8400000000001
PJ-18835,40,19,13639.502
PJ-19015,20,22,9230.87916
PJ-8835,43,6,801.405
PJ-9015,197,8,6612.66
PK-18910,99,16,7282.58156
PK-19075,9,29,17668.910499999998
PK-8910,122,4,948.456
PK-9075,495,3,992.784
PL-18925,16,20,14256.7186
PL-8925,50,3,759.21
PM-18940,22,23,12893.5944
PM-19135,13,22,9857.6599
PM-8940,56,9,1448.856
PM-9135,302,6,1429.296
PN-18775,16,33,11370.46522
PN-8775,54,5,1522.1100000000001
PO-18850,5,41,25274.4702
PO-18865,1,35,21051.0598
PO-19180,161,24,16753.1715
PO-19195,87,21,10872.01088
PO-8850,128,4,1432.9859999999999
PO-8865,353,6,2973.15
PO-9180,30,9,1231.068
PO-9195,34,8,8227.356
PP-18955,55,30,21884.1846
PP-8955,15,3,359.061
PR-18880,26,29,13243.62082
PR-8880,197,5,1085.6399999999999
PS-18760,30,28,15926.5494
PS-18970,28,33,18222.40482
PS-19045,21,26,29252.3194
PS-8760,348,5,1706.202
PS-8970,125,4,1395.948
PS-9045,62,7,829.356
PT-19090,7,25,8370.783
PT-9090,3,5,4686.03
PV-18985,9,28,12540.661
PV-8985,145,6,6390.636
PW-19030,8,31,12810.05846
PW-19240,2,24,7186.1398
PW-9030,58,7,1081.002
PW-9240,62,7,1237.53
QJ-19255,26,23,18192.9231
QJ-9255,62,5,387.051
RA-19285,6,24,16816.427
RA-19885,44,23,15435.49908
RA-19915,13,27,20975.19342
RA-19945,2,23,11696.0283
RA-9285,255,14,6226.686
RA-9885,126,8,503.26800000000003
RA-9915,140,2,420.65999999999997
RA-9945,21,9,2044.587
RB-19330,16,32,18359.76862
RB-19360,21,25,29197.634599999998
RB-19435,20,28,11618.07552
RB-19465,1,36,17178.4394
RB-19570,21,25,10961.631
RB-19645,151,22,5973.5944
RB-19705,17,16,9288.0836
RB-19795,33,35,19056.88134
RB-9330,113,8,4538.256
RB-9360,94,4,404.508
RB-9435,217,6,3179.154
RB-9465,288,3,3675.2400000000002
RB-9570,447,5,586.761
RB-9645,240,3,282.594
RB-9705,150,12,6018.072
RB-9795,31,5,255.288
RC-19825,119,25,7916.6733
RC-19960,23,22,7897.8691
RC-9825,742,1,37.44
RC-9960,113,5,1639.965
RD-19480,1,27,16487.1909
RD-19585,26,31,16315.107899999999
RD-19660,94,21,12947.9651
RD-19720,22,30,10902.5255
RD-19810,15,30,7091.09996
RD-19900,33,29,13485.748
RD-19930,43,22,9293.58832
RD-9480,48,6,1061.73
RD-9585,36,7,5168.4
RD-9660,28,9,3391.788
RD-9720,59,8,3833.712
RD-9810,54,7,3214.788
RD-9900,93,10,4837.2210000000005
RD-9930,29,11,6523.392
RE-19405,29,21,12073.09218
RE-19450,24,18,10660.48524
RE-9405,72,6,1967.403
RE-9450,16,12,5678.7029999999995
RF-19345,65,27,13391.2718
RF-19735,2,23,12139.0877
RF-19840,7,31,15077.47568
RF-9345,7,5,3208.026
RF-9735,119,3,950.13
RF-9840,139,6,571.722
RH-19495,25,28,13295.7486
RH-19510,21,25,11599.392960000001
RH-19555,8,21,8944.311
RH-19600,7,21,4629.69556
RH-9495,97,3,3057.21
RH-9510,701,7,1837.788
RH-9555,27,8,8753.469
RH-9600,174,8,3340.4700000000003
RK-19300,86,26,13480.92458
RK-9300,29,4,519.12
RL-19615,121,23,14866.82448
RL-9615,266,8,2420.226
RM-19375,19,25,16077.68112
RM-19675,5,19,11151.9605
RM-19750,17,19,6475.01086
RM-9375,10,7,2239.446
RM-9675,37,8,1715.094
RM-9750,41,7,929.175
RO-19780,36,29,18833.4355
RO-9780,5,9,3080.1059999999998
RP-19270,8,26,13725.5769
RP-19390,16,34,16114.907500000001
RP-19855,22,27,11043.0844
RP-9270,287,6,1274.352
RP-9390,271,7,5935.98
RP-9855,401,6,3569.139
RR-19315,20,21,11765.04038
RR-19525,1,27,15009.2866
RR-9315,233,4,1820.85
RR-9525,90,7,1376.91
RS-19420,77,28,14047.14948
RS-19765,37,25,13582.12128
RS-19870,20,20,7090.9567799999995
RS-9420,34,7,385.44
RS-9765,124,6,1524.1499999999999
RS-9870,21,8,1031.436
RW-19540,43,25,19423.6885
RW-19630,78,26,9425.9243
RW-19690,16,25,11200.142
RW-9540,27,7,5698.434
RW-9630,400,2,560.01
RW-9690,99,8,1398.996
SA-10830,11,10,872.676
SA-20830,64,30,15622.37866
SB-10170,27,5,1647.24
SB-10185,79,7,1268.436
SB-10290,192,5,1975.404
SB-20170,3,15,12950.934
SB-20185,75,31,21034.46172
SB-20290,42,22,18538.5328
SC-10020,265,4,476.334
SC-10050,43,7,2311.8540000000003
SC-10095,226,7,918.522
SC-10230,195,3,1793.907
SC-10260,142,7,3166.518
SC-10305,17,7,3207.18
SC-10380,276,4,1556.16
SC-10440,93,4,1929.081
SC-10575,374,2,328.02
SC-10680,190,4,6344.79
SC-10695,175,4,1468.8990000000001
SC-10725,92,7,2944.494
SC-10770,185,7,2033.208
SC-10800,360,2,89.286
SC-10845,54,4,1368.1200000000001
SC-20020,9,34,10579.47
SC-20050,41,30,16813.21902
SC-20095,76,28,25602.61
SC-20230,17,25,20333.868
SC-20260,1,26,9366.1924
SC-20305,30,26,17696.722
SC-20380,31,37,16122.72424
SC-20440,10,25,7677.43526
SC-20575,28,33,9685.4243
SC-20680,22,31,13477.05528
SC-20695,10,35,21931.0435
SC-20725,8,30,13975.42408
SC-20770,41,32,14495.11408
SC-20800,31,24,11321.2786
SC-20845,9,24,9898.62502
SD-10485,41,8,1157.3429999999998
SD-20485,16,32,16802.0649
SE-10110,79,3,613.71
SE-20110,10,36,29532.62502
SF-10065,230,8,3861.429
SF-10200,142,8,2633.3160000000003
SF-10965,181,6,2476.302
SF-20065,59,21,7395.746
SF-20200,6,28,13019.6294
SF-20965,49,17,6777.6808
SG-10080,370,6,1078.728
SG-10470,129,3,3086.67
SG-10605,234,6,2816.067
SG-10890,401,6,1424.778
SG-20080,4,17,10774.5034
SG-20470,91,28,10730.2773
SG-20605,76,32,10128.53856
SG-20890,17,22,11260.30386
SH-10395,64,4,129.03
SH-10635,159,4,658.98
SH-19975,26,29,10893.50994
SH-20395,24,33,12849.17384
SH-20635,31,25,13546.7458
SH-9975,65,8,8058.147
SJ-10125,295,9,2961.189
SJ-10215,57,9,1359.252
SJ-10500,275,3,454.06800000000004
SJ-20125,33,30,10562.092
SJ-20215,29,32,14709.69868
SJ-20500,176,26,12930.791
SK-19990,9,19,10932.97152
SK-9990,31,7,2358.858
SL-10155,167,14,2451.7799999999997
SL-20155,30,32,14380.691
SM-10005,105,8,6262.38
SM-10320,77,7,4045.638
SM-10905,133,5,1711.992
SM-10950,105,9,1336.308
SM-20005,148,22,6801.587500000001
SM-20320,22,21,31125.29496
SM-20905,38,17,6918.4824
SM-20950,26,29,11552.77814
SN-10560,14,6,1480.104
SN-10710,253,4,702.24
SN-20560,72,25,12738.710000000001
SN-20710,45,24,12703.94056
SO-10335,401,4,831.498
SO-20335,30,27,15534.94692
SP-10545,19,4,418.32
SP-10620,140,5,299.568
SP-10650,170,6,770.895
SP-10860,399,2,503.496
SP-10920,108,4,896.391
SP-20545,17,20,6801.1987
SP-20620,6,31,19113.6707
SP-20650,21,24,10377.86844
SP-20860,55,26,12994.59246
SP-20920,7,28,28124.21286
SR-10425,45,5,281.20799999999997
SR-10740,22,4,2154.12
SR-20425,9,19,12721.24894
SR-20740,24,33,17220.18
SS-10140,30,7,3491.6279999999997
SS-10410,27,10,2348.46
SS-10515,675,3,424.53
SS-10590,29,3,940.38
SS-10875,251,4,556.314
SS-20140,16,32,20138.603039999998
SS-20410,34,27,15759.48198
SS-20515,1,19,7480.62162
SS-20590,6,26,12181.4264
SS-20875,15,21,4772.1508
ST-10530,96,6,943.26
ST-20530,7,32,14064.01106
SU-10665,49,6,3331.134
SU-20665,5,23,7442.46
SV-10365,184,5,1256.472
SV-10785,22,7,2969.43
SV-10815,9,9,7728.912
SV-10935,12,3,487.746
SV-20365,88,31,22376.44748
SV-20785,23,27,14262.9351
SV-20815,35,24,14575.50118
SV-20935,1,28,15197.6927
SW-10245,23,4,1901.91
SW-10275,50,5,1480.578
SW-10350,101,9,1244.454
SW-10455,8,9,2205.252
SW-10755,44,7,2346.906
SW-20245,13,26,13576.68382
SW-20275,22,33,15564.966699999999
SW-20350,13,21,6923.24944
SW-20455,8,22,6038.0162
SW-20755,16,31,23321.579999999998
SZ-10035,957,4,1164.15
SZ-20035,14,37,15192.376
TA-11385,9,5,4819.95
TA-21385,19,25,35668.120800000004
TB-11055,325,3,2355.138
TB-11175,217,4,850.326
TB-11190,115,4,1115.3700000000001
TB-11250,2,15,7270.836
TB-11280,157,9,1574.322
TB-11355,15,8,438.162
TB-11400,112,9,3103.323
TB-11520,19,11,3991.5209999999997
TB-11595,163,4,752.0699999999999
TB-11625,399,5,1810.752
TB-21055,36,29,13671.71072
TB-21175,40,27,16573.5984
TB-21190,50,17,10686.47152
TB-21250,3,28,11830.0907
TB-21280,58,26,10127.01266
TB-21355,55,20,9205.113
TB-21400,26,26,21375.988
TB-21520,31,34,16716.76172
TB-21595,29,26,8437.989
TB-21625,31,31,13266.1971
TC-10980,48,8,3239.064
TC-11145,13,10,3799.926
TC-11295,13,5,730.908
TC-11475,205,9,1907.7540000000001
TC-11535,371,4,2214.9719999999998
TC-20980,28,28,34218.269
TC-21145,12,25,18419.94306
TC-21295,28,29,19391.8981
TC-21475,2,29,10722.52656
TC-21535,1,30,8888.0601
TD-10995,181,3,780.378
TD-20995,1,25,6924.1875
TG-11310,161,3,714.417
TG-11640,31,9,4906.533
TG-21310,15,32,12305.231600000001
TG-21640,6,33,13973.7773
TH-11100,254,4,1856.19
TH-11115,120,6,1870.17
TH-11235,231,10,3901.3469999999998
TH-11550,390,5,283.83
TH-21100,7,27,13684.8726
TH-21115,44,25,13483.62368
TH-21235,9,26,12896.252
TH-21550,6,26,12808.9063
TM-11010,243,3,300.666
TM-11490,56,8,2063.022
TM-21010,65,27,14158.9626
TM-21490,41,27,13908.8563
TN-11040,55,2,187.35
TN-21040,23,29,9410.26404
TP-11130,140,6,1261.449
TP-11415,642,4,1950.9479999999999
TP-11565,104,5,857.37
TP-21130,3,37,22697.57728
TP-21415,49,22,10926.72382
TP-21565,15,30,12429.8013
TR-11325,169,4,2395.716
TR-21325,2,22,10033.18706
TS-11085,220,8,1390.68
TS-11160,106,5,1130.07
TS-11205,308,3,641.646
TS-11340,41,5,1631.316
TS-11370,19,10,4573.584
TS-11430,119,7,5812.08
TS-11505,288,4,2123.946
TS-11610,176,5,2011.14
TS-11655,203,6,452.88
TS-21085,42,19,5395.2094
TS-21160,9,22,6805.942
TS-21205,27,32,13888.62492
TS-21340,9,31,16997.02948
TS-21370,37,27,23201.678
TS-21430,20,22,9532.9166
TS-21505,12,27,17613.4163
TS-21610,21,30,20565.95
TS-21655,85,24,9525.457199999999
TT-11070,38,2,1572.33
TT-11220,6,9,1826.4
TT-11265,95,9,5049.042
TT-11460,43,8,1649.784
TT-21070,15,31,15673.063900000001
TT-21220,38,22,13224.56416
TT-21265,2,20,4730.638
TT-21460,13,32,18432.013460000002
TW-11025,20,8,323.109
TW-21025,42,27,13931.8966
TZ-11445,369,7,745.14
TZ-11580,49,5,403.014
TZ-21445,9,28,14601.6714
TZ-21580,36,19,10455.5278
VB-11745,5,4,783.63
VB-21745,13,21,9961.05
VD-11670,1,9,1230.051
VD-21670,37,21,14754.8714
VF-11715,95,4,602.352
VF-21715,14,24,12000.133
VG-11790,148,4,386.172
VG-11805,136,4,1190.22
VG-21790,111,27,9908.6065
VG-21805,3,23,22573.37116
VM-11685,14,6,858.978
VM-11835,9,3,1270.4099999999999
VM-21685,33,32,13708.12232
VM-21835,112,20,2621.817
VP-11730,29,4,432.0
VP-11760,237,3,1615.662
VP-21730,31,29,11629.269
VP-21760,76,28,16935.5635
VS-11820,23,7,1136.214
VS-21820,139,15,10275.775
VT-11700,31,7,1271.442
VT-21700,8,25,18099.3061
VW-11775,8,5,1253.166
VW-21775,7,30,15785.3774
WB-11850,115,2,182.532
WB-21850,21,38,16704.6612
XP-11865,161,3,1011.798
XP-21865,44,27,11187.1526
YC-11895,100,4,166.299
YC-21895,5,27,19998.0786
YS-11880,5,6,1328.832
YS-21880,10,26,18703.606
ZC-11910,201,1,7.173
ZC-21910,4,37,28472.81926
ZD-11925,4,9,2951.226
ZD-21925,2,20,9479.3444
