Customer ID,Recency,Frequency,Monetary
AA-10315,9,42,13747.413
AA-10375,7,42,5884.195
AA-10480,126,38,17695.58978
AA-10645,29,73,15343.8907
AA-315,3,8,2243.256
AA-375,254,13,654.492
AA-480,315,10,2063.493
AA-645,52,18,1968.324
AB-10015,17,77,20037.4975
AB-10060,43,57,18416.5504
AB-10105,28,62,22966.78
AB-10150,36,47,13057.294600000001
AB-10165,14,52,11649.265
AB-10255,6,53,10786.7164
AB-105,44,15,2156.4
AB-10600,51,38,13318.6631
AB-15,413,12,4607.13
AB-150,399,8,3143.88
AB-165,17,8,1399.776
AB-255,44,15,4679.502
AB-60,36,11,1770.2279999999998
AB-600,8,26,5408.55
AC-10420,7,40,10607.6947
AC-10450,6,29,16126.3904
AC-10615,7,65,12729.72448
AC-10660,3,35,6255.61908
AC-420,14,21,1689.675
AC-450,182,10,1026.597
AC-615,93,18,2298.432
AC-660,120,8,2676.09
AD-10180,30,47,17858.5048
AD-180,6,8,681.288
AF-10870,7,81,26487.2585
AF-10885,54,70,19711.16728
AF-870,6,17,1700.082
AF-885,168,6,354.99
AG-10270,41,51,10637.40422
AG-10300,3,41,13013.8762
AG-10330,9,67,14534.50618
AG-10390,115,43,8453.0096
AG-10495,79,62,15380.31006
AG-10525,13,31,8468.963
AG-10675,48,52,13023.836000000001
AG-10765,29,44,9824.7795
AG-10900,58,65,18174.17176
AG-270,14,16,2779.806
AG-300,99,17,1703.31
AG-330,3,10,532.545
AG-390,113,10,473.112
AG-495,49,16,1003.9920000000001
AG-525,16,13,2870.676
AG-675,174,25,2368.131
AG-765,115,14,1859.5320000000002
AG-900,24,10,1699.47
AH-10030,13,44,14439.49784
AH-10075,3,64,18109.86142
AH-10120,61,46,9927.83588
AH-10195,50,60,12628.19178
AH-10210,7,66,20365.74018
AH-10465,71,32,8547.83068
AH-10585,22,32,9125.8911
AH-10690,31,66,16276.16112
AH-120,22,8,1478.0819999999999
AH-195,279,17,2651.565
AH-210,458,8,3277.11
AH-30,469,12,6320.0160000000005
AH-465,242,7,650.826
AH-585,76,17,2232.222
AH-690,59,10,1817.898
AH-75,38,20,3608.34
AI-10855,14,40,8358.6023
AI-855,204,10,919.974
AJ-10780,49,52,15186.0672
AJ-10795,63,51,8887.077
AJ-10945,29,41,11087.024
AJ-10960,49,38,8633.59348
AJ-780,2,27,2570.994
AJ-795,37,26,3395.58
AJ-945,105,15,4860.924
AJ-960,295,22,4629.156
AM-10360,16,65,16730.3296
AM-10705,26,71,24218.5645
AM-360,176,12,2035.827
AM-705,137,8,1303.77
AO-10810,37,53,14537.7966
AO-810,8,7,485.007
AP-10720,42,52,15362.0613
AP-10915,77,69,15877.8603
AP-720,38,11,999.699
AP-915,93,18,2668.08
AR-10345,30,48,14165.796199999999
AR-10405,55,43,8956.82078
AR-10510,15,55,14277.88536
AR-10540,7,22,7983.9505
AR-10570,3,33,9445.64932
AR-10825,23,59,15311.035600000001
AR-345,142,16,2301.072
AR-405,223,7,571.11
AR-510,105,15,2638.638
AR-540,222,13,561.6
AR-570,71,17,2044.278
AR-825,34,13,2028.9119999999998
AS-10045,24,47,12596.2944
AS-10090,16,64,15009.47272
AS-10135,42,35,7307.2442
AS-10225,13,62,21366.8987
AS-10240,13,57,9006.66636
AS-10285,19,53,16179.86246
AS-10630,36,31,9815.9395
AS-135,93,9,3978.81
AS-225,3,11,469.515
AS-240,499,6,1686.51
AS-285,100,24,4938.4619999999995
AS-45,234,13,1616.334
AS-630,34,24,2000.01
AS-90,22,7,435.204
AT-10435,13,40,13654.3055
AT-10735,3,49,12984.1049
AT-435,29,25,1287.993
AT-735,70,6,403.65000000000003
AW-10840,17,60,13200.25552
AW-10930,36,39,10230.95856
AW-840,57,18,1947.0
AW-930,38,10,782.0550000000001
AY-10555,15,30,5446.61044
AY-555,36,20,3096.42
AZ-10750,71,42,9639.801
AZ-750,27,26,2231.277
BB-10990,15,54,9064.5327
BB-11545,29,57,15797.57188
BB-1545,50,6,207.228
BB-990,51,8,822.288
BC-11125,34,73,14789.447
BC-1125,30,14,396.042
BD-11320,6,52,13390.267
BD-11500,20,41,13089.8495
BD-11560,8,30,9356.77974
BD-11605,98,42,9202.66214
BD-11620,50,40,7849.0000199999995
BD-11635,10,47,11230.6983
BD-11725,5,52,10877.827
BD-11770,36,48,10168.32526
BD-1320,6,17,1885.05
BD-1500,399,3,52.047
BD-1560,91,6,1564.02
BD-1605,276,6,689.64
BD-1620,118,27,2919.597
BD-1635,325,21,5689.263
BD-1725,101,24,5078.400000000001
BD-1770,239,16,3405.066
BE-11335,36,94,27158.0184
BE-11410,85,50,16552.06996
BE-11455,4,64,17643.5253
BE-1335,573,8,1321.1490000000001
BE-1410,22,10,1859.859
BE-1455,147,5,1340.31
BF-1005,735,5,732.033
BF-1020,97,16,3006.996
BF-1080,210,15,3808.17
BF-10975,36,42,8104.7792
BF-11005,9,64,23347.83866
BF-11020,16,46,10201.2813
BF-11080,26,40,10134.5617
BF-11170,17,78,22314.84044
BF-11215,27,54,12968.9385
BF-11275,7,46,9578.59864
BF-1170,194,8,904.9200000000001
BF-1215,118,8,398.91900000000004
BF-1275,129,12,1009.9739999999999
BF-975,23,20,1730.232
BG-1035,601,1,124.416
BG-11035,29,66,19899.1474
BG-11695,10,39,10723.32038
BG-11740,7,43,14689.342499999999
BG-1695,45,10,488.84999999999997
BG-1740,17,13,692.454
BH-11710,24,70,23537.335
BH-1710,94,27,4583.286
BK-11260,27,57,13294.68736
BK-1260,41,7,291.564
BM-11140,9,67,25312.2927
BM-1140,14,11,1857.69
BM-11575,35,42,10351.33308
BM-11650,34,64,14920.99608
BM-11785,3,68,18446.8529
BM-1575,41,13,1703.982
BM-1650,482,14,2537.1059999999998
BM-1785,49,16,2244.342
BN-11470,12,57,23378.10388
BN-11515,10,56,10272.22552
BN-1470,23,13,2823.852
BN-1515,28,9,2606.8019999999997
BO-11350,112,34,7476.2546999999995
BO-11425,6,43,12356.58552
BO-1350,22,13,616.236
BO-1425,2,14,2671.257
BP-1050,12,20,4981.542
BP-1095,12,15,1759.668
BP-11050,6,37,5403.78676
BP-11095,3,55,8327.8696
BP-11155,33,47,13696.143460000001
BP-11185,2,55,15376.031719999999
BP-11230,40,42,12573.6136
BP-11290,13,50,12448.89978
BP-1155,262,11,1110.78
BP-1185,5,19,1430.616
BP-1230,84,25,6134.988
BP-1290,370,5,383.34000000000003
BS-11365,1,60,22551.02596
BS-11380,29,59,18305.9783
BS-11590,36,50,11358.58602
BS-11665,30,50,17468.881
BS-11755,2,71,17557.4595
BS-11800,10,44,10887.2118
BS-1365,38,8,957.63
BS-1380,132,7,469.458
BS-1590,238,8,819.4499999999999
BS-1665,153,21,5101.907999999999
BS-1755,296,12,1679.76
BS-1800,12,25,6364.854
BT-11305,29,52,10321.82
BT-11395,29,44,11347.529
BT-11440,52,33,8263.9755
BT-11485,31,52,8878.05054
BT-11530,34,44,13808.318
BT-11680,19,52,14087.7631
BT-1305,32,18,1305.96
BT-1395,34,6,448.848
BT-1440,94,20,2132.565
BT-1485,98,13,2803.974
BT-1530,353,11,1535.781
BT-1680,58,6,807.36
BV-11245,45,53,20681.678
BV-1245,129,8,684.264
BW-1065,23,10,9027.48
BW-11065,51,41,8409.0559
BW-1110,185,15,1696.83
BW-11110,55,81,30613.6165
BW-11200,41,54,11862.36908
BW-1200,134,14,3105.816
CA-11965,19,41,21110.5214
CA-12055,14,44,10691.028
CA-12265,35,59,18472.6689
CA-12310,14,36,7166.23086
CA-12775,94,49,18350.464
CA-1965,128,16,2883.141
CA-2055,259,12,1601.73
CA-2265,106,10,3364.638
CA-2310,337,7,636.0600000000001
CA-2775,310,12,1485.897
CB-12025,10,50,11685.3186
CB-12415,27,44,12705.54736
CB-12535,43,66,18108.67284
CB-2025,23,9,1840.8899999999999
CB-2415,517,5,1232.568
CB-2535,8,6,147.12
CC-12100,52,50,11500.12324
CC-12145,83,46,12190.6666
CC-12220,21,56,7308.7328
CC-12370,44,55,28229.8514
CC-12430,1,55,13997.592560000001
CC-12475,17,59,17159.80046
CC-12550,28,48,7908.65034
CC-12610,17,55,16822.64
CC-12670,17,53,9969.0279
CC-12685,55,44,12798.5442
CC-2100,61,8,1020.048
CC-2145,505,13,1158.18
CC-2220,22,31,4174.182
CC-2370,7,18,6957.225
CC-2430,472,5,1041.57
CC-2475,56,15,3709.881
CC-2550,272,12,1433.3999999999999
CC-2610,345,6,782.3879999999999
CC-2670,147,14,1527.5819999999999
CC-2685,132,11,4019.4120000000003
CD-11920,3,62,18296.7474
CD-11980,2,56,11848.16246
CD-12280,42,68,16779.54838
CD-12790,77,51,13468.1145
CD-1920,315,8,1821.219
CD-1980,7,12,1380.228
CD-2280,13,14,1205.04
CD-2790,132,17,1030.788
CG-12040,22,28,3596.268
CG-12520,29,42,13545.47002
CG-2040,379,7,518.94
CG-2520,120,10,1116.204
CH-12070,90,44,11122.55656
CH-2070,307,26,4545.6179999999995
CJ-11875,14,42,12538.83296
CJ-12010,34,54,19356.0046
CJ-1875,33,14,1431.432
CJ-2010,47,4,223.56
CK-12205,5,83,13625.20784
CK-12325,62,52,9927.89832
CK-12595,44,71,16480.86618
CK-12760,58,42,6574.8044
CK-2205,80,13,950.697
CK-2325,1,15,3125.295
CK-2595,216,8,662.28
CK-2760,38,27,4015.95
CL-11890,14,48,17622.41136
CL-12565,6,65,17008.13588
CL-12700,9,63,17943.6508
CL-1890,93,12,560.745
CL-2565,43,14,2775.636
CL-2700,142,6,1432.374
CM-11815,41,40,14362.8004
CM-11830,7,54,16828.819
CM-11935,37,34,9689.0124
CM-12115,9,38,14657.9493
CM-12160,27,44,17910.03942
CM-12190,1,48,11375.05222
CM-12235,43,37,11377.591
CM-12385,38,51,21882.96992
CM-12445,16,49,11971.70808
CM-12655,28,35,14188.72268
CM-12715,42,41,8392.5789
CM-1815,62,6,431.874
CM-1830,114,23,4777.407
CM-1935,49,8,459.294
CM-2115,21,5,1907.3700000000001
CM-2160,50,11,2245.92
CM-2190,153,7,1451.49
CM-2235,52,7,243.03
CM-2385,575,5,580.614
CM-2445,349,9,1741.578
CM-2655,51,19,1389.834
CM-2715,118,13,2838.264
CP-12085,70,43,14183.8819
CP-12340,9,63,20109.46928
CP-2085,143,22,5585.7
CP-2340,464,19,5044.65
CR-12580,23,34,8700.3125
CR-12625,44,54,17271.20568
CR-12730,23,58,19487.963760000002
CR-12820,61,43,14470.55056
CR-2580,35,7,3057.2639999999997
CR-2625,140,23,5079.897
CR-2730,6,19,1359.576
CR-2820,56,11,1188.012
CS-11845,16,47,20471.0526
CS-11860,78,41,10555.92482
CS-11950,26,62,14222.97134
CS-12130,12,43,10981.231
CS-12175,61,54,16706.0963
CS-12250,27,69,12496.1053
CS-12355,7,50,9240.896999999999
CS-12400,2,44,10221.36436
CS-12460,7,56,20084.21728
CS-12490,3,52,11110.4965
CS-12505,28,30,11535.2464
CS-1845,25,21,1593.3120000000001
CS-1860,51,19,1618.674
CS-1950,136,6,714.072
CS-2130,306,5,1367.268
CS-2175,58,8,3340.098
CS-2250,3,12,1917.624
CS-2355,56,16,1307.16
CS-2400,12,9,2293.17
CS-2460,203,14,2671.227
CS-2490,170,10,1664.13
CS-2505,51,12,1894.5
CT-11995,29,49,13715.79704
CT-1995,784,3,422.778
CV-12295,40,42,9042.26818
CV-12805,5,40,9764.1306
CV-2295,86,18,1283.241
CV-2805,258,14,5088.852
CW-11905,9,48,12917.6316
CW-1905,385,7,1436.31
CY-12745,61,54,13928.4683
CY-2745,493,6,293.034
Co-12640,5,55,12279.23076
Co-2640,363,13,767.637
DA-13450,14,51,13035.368260000001
DA-3450,15,9,2212.05
DB-12910,3,49,12338.2837
DB-12970,218,23,9166.2092
DB-13060,17,54,23476.91166
DB-13120,6,28,5602.59462
DB-13210,8,62,13743.5959
DB-13270,10,48,11690.3695
DB-13360,48,45,6919.81436
DB-13405,29,49,16083.95666
DB-13555,37,45,9415.2204
DB-13615,28,50,10031.4568
DB-13660,13,35,11397.064840000001
DB-2910,55,16,3051.18
DB-2970,58,8,513.03
DB-3060,9,16,2070.258
DB-3120,359,6,671.232
DB-3210,583,11,387.021
DB-3270,49,10,886.23
DB-3360,435,7,3691.53
DB-3405,558,2,548.682
DB-3555,6,4,971.1120000000001
DB-3615,108,8,2824.152
DB-3660,238,7,2207.712
DC-12850,38,59,9307.3655
DC-13285,19,48,16164.6499
DC-2850,35,18,4131.144
DC-3285,393,6,800.004
DD-13570,42,51,8741.4648
DD-3570,64,15,2331.4139999999998
DE-13255,20,42,10085.789999999999
DE-3255,49,13,2714.49
DF-13135,10,39,10240.3839
DF-3135,44,13,1301.652
DG-13300,31,52,13731.428
DG-3300,15,12,2982.312
DH-13075,76,56,14128.6781
DH-13675,22,30,7817.3085
DH-3075,160,27,2063.682
DH-3675,21,24,4661.844
DJ-13420,23,58,22142.43114
DJ-13510,7,69,15420.2879
DJ-13630,13,47,12560.130000000001
DJ-3420,2,5,419.64
DJ-3510,7,9,5976.6900000000005
DJ-3630,35,7,1293.9479999999999
DK-12835,22,68,17590.5547
DK-12895,46,53,18340.62916
DK-12985,2,63,14823.9685
DK-13090,9,61,19178.6392
DK-13150,11,39,15983.711
DK-13225,2,45,9246.4686
DK-13375,5,61,16258.534
DK-2835,22,18,3373.143
DK-2895,147,17,1292.13
DK-2985,1207,1,81.432
DK-3090,69,3,273.76800000000003
DK-3150,58,19,1577.874
DK-3225,66,11,1407.984
DK-3375,118,15,3846.78
DL-12865,58,55,11185.7181
DL-12925,58,53,11364.6808
DL-13315,19,65,18505.6005
DL-13330,13,70,16781.631
DL-13495,23,46,15872.184000000001
DL-2865,203,13,1502.964
DL-2925,38,19,831.996
DL-3315,48,11,1746.87
DL-3330,706,5,1159.3500000000001
DL-3495,283,10,773.604
DM-12955,41,57,19862.57592
DM-13015,6,54,15626.5318
DM-13345,3,47,17054.8905
DM-13525,36,38,9640.38168
DM-2955,13,19,2437.407
DM-3015,3,12,2105.79
DM-3345,146,12,4998.42
DM-3525,322,14,2191.266
DN-13690,20,40,13098.338
DN-3690,13,20,1815.954
DO-13435,65,58,15280.8855
DO-13645,27,59,12083.48092
DO-3435,37,25,3515.73
DO-3645,42,9,1689.252
DP-13000,62,67,13882.7624
DP-13105,7,49,18930.032199999998
DP-13165,8,55,22211.28212
DP-13390,1,43,10282.7912
DP-3000,15,15,2093.61
DP-3105,65,13,6970.715999999999
DP-3165,8,13,1517.952
DP-3390,13,14,1376.1299999999999
DR-12880,4,67,14415.3383
DR-12940,28,71,25641.46492
DR-2880,5,17,2291.463
DR-2940,40,14,2288.4
DS-13030,94,61,11644.2965
DS-13180,15,57,13447.412
DS-3030,49,7,1636.512
DS-3180,72,6,185.136
DV-13045,20,59,18106.01292
DV-13465,30,51,12910.87688
DV-3045,34,35,4640.319
DV-3465,14,12,4037.82
DW-13195,7,45,9689.3171
DW-13480,66,63,16336.8556
DW-13540,13,51,13166.414999999999
DW-13585,6,69,12143.0436
DW-3195,1064,11,1241.2259999999999
DW-3480,56,25,7118.106000000001
DW-3540,55,11,1216.587
DW-3585,29,5,461.87399999999997
Dl-13600,6,40,11912.7634
Dl-3600,112,18,2809.056
Dp-13240,19,72,22225.61032
Dp-3240,26,9,609.3
EA-14035,94,69,11387.06772
EA-4035,166,3,131.808
EB-13705,49,53,12382.284099999999
EB-13750,33,38,8489.991
EB-13840,3,44,20188.15894
EB-13870,16,29,6850.983700000001
EB-13930,20,31,9533.9519
EB-13975,1,65,13405.6013
EB-14110,36,46,13665.4673
EB-14170,20,39,6736.4391
EB-3705,399,12,3141.63
EB-3750,185,11,939.153
EB-3840,44,13,1797.738
EB-3870,498,6,184.872
EB-3930,8,17,2433.516
EB-3975,36,12,2713.62
EB-4110,21,18,2417.757
EB-4170,55,8,1267.6200000000001
EC-14050,54,34,4430.2361
EC-4050,163,24,2301.315
ED-13885,16,62,18018.879
ED-3885,57,14,525.474
EG-13900,23,35,16562.35068
EG-3900,52,28,6549.951
EH-13765,3,70,20259.916
EH-13945,58,52,7832.68602
EH-13990,45,40,8807.0846
EH-14005,3,44,10374.9381
EH-14125,103,59,17408.31362
EH-14185,68,46,12800.51382
EH-3765,129,14,1010.382
EH-3945,112,19,2518.74
EH-3990,34,11,672.489
EH-4005,197,13,2629.674
EH-4125,23,27,5012.22
EH-4185,122,15,3577.77
EJ-13720,50,35,8969.44
EJ-14155,28,40,12324.8446
EJ-3720,157,10,1727.964
EJ-4155,23,9,2631.99
EK-13795,45,22,5597.3462
EK-3795,213,14,1531.083
EL-13735,54,40,10515.862000000001
EL-3735,27,31,3691.392
EM-13810,79,41,13549.72804
EM-13825,56,51,14128.078160000001
EM-13960,3,85,25228.52948
EM-14065,17,42,12108.30958
EM-14095,9,40,10889.6997
EM-14140,25,79,21507.29126
EM-14200,42,57,17087.77766
EM-3810,59,13,1032.879
EM-3825,483,13,378.258
EM-3960,195,15,2855.874
EM-4065,53,20,3213.246
EM-4095,132,21,2833.56
EM-4140,94,15,1900.791
EM-4200,152,9,2585.898
EN-13780,15,34,6333.9164
EN-3780,206,12,734.856
EP-13915,13,65,16283.35774
EP-3915,76,7,487.95000000000005
ER-13855,70,33,13396.0
ER-3855,54,20,3736.296
ES-14020,1,55,12827.272939999999
ES-14080,29,58,16236.0058
ES-4020,29,12,1892.778
ES-4080,146,16,1925.544
FA-14230,23,56,13535.0628
FA-4230,185,6,814.572
FC-14245,43,43,10867.8088
FC-14335,108,42,8770.73964
FC-4245,492,8,1540.6380000000001
FC-4335,111,9,550.95
FG-14260,35,33,9396.5055
FG-4260,111,11,308.211
FH-14275,5,43,13569.566
FH-14350,2,39,10654.52882
FH-14365,2,70,27649.32652
FH-4275,135,5,113.064
FH-4350,15,3,110.481
FH-4365,167,12,2751.348
FM-14215,8,55,14353.3978
FM-14290,37,61,14382.319220000001
FM-14380,146,33,6598.3976999999995
FM-4215,97,14,2935.614
FM-4290,3,16,2002.71
FM-4380,2,13,843.54
FO-14305,23,71,15614.2155
FO-4305,52,14,2158.446
FP-14320,24,50,9939.0502
FP-4320,28,5,816.582
FW-14395,64,59,16972.7481
FW-4395,1,13,1220.811
GA-14515,23,46,12488.67232
GA-14725,3,55,8817.5455
GA-4515,36,12,1318.389
GA-4725,71,9,1460.796
GB-14530,34,48,11657.753
GB-14575,14,53,10748.99238
GB-4530,114,8,525.9
GB-4575,210,13,1821.912
GD-14590,6,49,18005.0006
GD-4590,353,7,700.692
GG-14650,34,69,12902.96276
GG-4650,104,6,1000.422
GH-14410,21,65,13659.59598
GH-14425,19,80,20039.763
GH-14485,52,43,14692.6742
GH-14665,3,47,12921.45162
GH-4410,298,11,1610.22
GH-4425,22,22,4585.83
GH-4485,86,7,794.622
GH-4665,2,18,1077.069
GK-14620,13,57,19215.7699
GK-4620,101,8,764.601
GM-14440,20,47,15782.46188
GM-14455,17,36,10523.649
GM-14500,107,36,6704.18562
GM-14680,2,60,12010.60944
GM-14695,48,53,14564.942000000001
GM-4440,2,11,735.216
GM-4455,209,7,488.43
GM-4500,105,11,4298.37
GM-4680,73,14,1590.402
GM-4695,223,11,791.502
GP-14740,2,51,10793.729
GP-4740,152,23,4610.103
GR-14560,50,48,8895.05754
GR-4560,154,14,4955.5289999999995
GT-14635,57,39,19080.34784
GT-14710,9,74,34471.89028
GT-14755,35,48,5601.70652
GT-4635,10,9,1145.01
GT-4710,56,13,1079.0639999999999
GT-4755,1,14,3457.578
GW-14605,19,43,16239.4915
GW-4605,15,14,1830.789
GZ-14470,8,58,20869.699
GZ-14545,77,44,11593.7308
GZ-4470,148,20,3835.626
GZ-4545,31,8,3698.388
HA-14905,70,52,15826.81444
HA-14920,21,54,9740.3981
HA-4905,14,10,1106.604
HA-4920,91,9,670.674
HD-14785,43,62,16749.140199999998
HD-4785,107,19,3325.6079999999997
HE-14800,7,57,9902.49522
HE-4800,37,14,1091.3220000000001
HF-14995,15,59,9712.8699
HF-4995,391,18,2099.973
HG-14845,13,77,21228.55452
HG-14965,24,63,16810.6866
HG-15025,7,52,14737.8066
HG-4845,142,24,2987.898
HG-4965,100,8,354.588
HG-5025,24,15,1476.612
HH-15010,55,52,13731.73782
HH-5010,197,5,1497.57
HJ-14875,6,59,14312.7962
HJ-4875,311,9,1121.22
HK-14890,44,53,13886.4431
HK-4890,57,7,1656.966
HL-15040,31,47,29664.23058
HL-5040,189,6,579.336
HM-14860,2,79,27434.1676
HM-14980,26,57,12718.7916
HM-4860,35,6,1042.77
HM-4980,465,7,4409.298
HP-14815,31,37,7321.4395
HP-4815,64,8,1196.682
HR-14770,14,44,11126.929
HR-14830,52,39,9637.15436
HR-4770,188,17,4550.322
HR-4830,149,5,391.93800000000005
HW-14935,35,56,17199.202
HW-4935,57,10,1174.824
HZ-14950,36,45,9656.4048
HZ-4950,209,12,2830.4159999999997
IG-15085,14,49,10383.13098
IG-5085,2,28,5766.243
IL-15100,117,48,11802.69376
IL-5100,164,16,1052.808
IM-15055,16,26,5154.83976
IM-15070,41,68,17854.10112
IM-5055,20,13,4324.95
IM-5070,51,14,2064.066
JA-15970,1,59,17105.4707
JA-5970,1,17,1057.227
JB-15400,8,62,13085.5039
JB-15925,10,48,12325.28696
JB-16000,2,68,22127.18112
JB-16045,1,40,13851.27568
JB-5400,83,11,2172.0299999999997
JB-5925,23,11,1012.092
JB-6000,175,16,1881.006
JB-6045,29,17,3235.656
JC-15340,35,62,17836.2846
JC-15385,9,54,12978.930919999999
JC-15775,2,42,10582.78504
JC-16105,58,49,11079.10488
JC-5340,143,11,606.105
JC-5385,16,21,3183.0750000000003
JC-5775,14,11,1712.487
JC-6105,103,14,3914.94
JD-15790,16,37,10267.74976
JD-15895,7,66,16711.32422
JD-16015,49,49,8690.6293
JD-16060,66,32,7683.04096
JD-16150,1,54,18281.84948
JD-5790,300,11,1323.072
JD-5895,3,20,2770.4339999999997
JD-6015,43,18,2652.7799999999997
JD-6060,141,16,3541.44
JD-6150,22,17,5329.7699999999995
JE-15475,36,32,5905.076
JE-15610,43,52,13192.6924
JE-15715,10,74,22275.2689
JE-15745,33,70,19629.12896
JE-16165,21,38,8352.71836
JE-5475,28,11,914.178
JE-5610,176,12,756.855
JE-5715,87,8,180.29999999999998
JE-5745,195,17,2275.5
JE-6165,37,15,4555.716
JF-15190,7,60,17064.7075
JF-15295,57,58,20382.2503
JF-15355,14,41,7343.566
JF-15415,3,49,14717.46588
JF-15490,5,45,9234.53286
JF-15565,2,60,19844.14866
JF-5190,150,14,3510.1679999999997
JF-5295,64,15,2433.942
JF-5355,97,23,3475.7639999999997
JF-5415,38,17,8227.02
JF-5490,100,12,1487.385
JF-5565,421,18,3776.7000000000003
JG-15115,69,42,12801.82588
JG-15160,2,65,19963.41
JG-15310,3,49,12733.7039
JG-15805,1,90,22015.3862
JG-5115,6,20,2907.678
JG-5160,17,18,1588.116
JG-5310,44,6,836.994
JG-5805,134,5,208.38
JH-15430,6,63,11806.1963
JH-15820,14,68,23586.7205
JH-15910,42,63,12532.7177
JH-15985,12,68,18863.4044
JH-16180,51,62,18267.0064
JH-5430,8,15,883.476
JH-5820,43,15,2359.011
JH-5910,41,18,4013.994
JH-5985,53,17,2073.48
JH-6180,28,19,5651.8949999999995
JJ-15445,34,33,9696.8474
JJ-15760,3,62,18103.64108
JJ-5445,20,8,2490.204
JJ-5760,269,21,1890.126
JK-15205,62,42,10917.0012
JK-15325,78,58,17000.84332
JK-15370,2,56,10189.51404
JK-15625,2,51,12754.4081
JK-15640,1,37,12637.4495
JK-15730,49,69,20825.892
JK-16090,9,75,21918.73684
JK-16120,98,51,13134.71664
JK-5205,592,8,1617.6
JK-5325,461,4,203.38799999999998
JK-5370,145,11,3211.452
JK-5625,317,18,4364.763
JK-5640,174,6,428.43
JK-5730,484,22,5862.87
JK-6090,13,8,1215.516
JK-6120,141,14,2513.07
JL-15130,9,59,12908.49914
JL-15175,7,45,13499.87246
JL-15235,14,60,18725.38964
JL-15505,31,43,8631.695
JL-15835,22,63,22594.043
JL-15850,45,38,8497.68
JL-5130,198,24,5765.400000000001
JL-5175,125,8,1353.09
JL-5235,2,9,1751.712
JL-5505,342,5,2729.3399999999997
JL-5835,55,9,3388.275
JL-5850,698,12,2003.598
JM-15250,36,54,15594.46182
JM-15265,38,69,15036.5537
JM-15535,15,41,6942.403
JM-15580,1,52,13295.857
JM-15655,9,68,16294.727060000001
JM-15865,69,66,20841.946500000002
JM-16195,58,43,7825.5646
JM-5250,7,13,2424.201
JM-5265,121,8,1131.912
JM-5535,244,10,847.827
JM-5580,50,6,880.3230000000001
JM-5655,123,16,3602.67
JM-5865,71,13,1544.268
JM-6195,13,10,1200.492
JO-15145,58,39,10440.976
JO-15280,15,35,7123.5651
JO-15550,72,34,4002.8940000000002
JO-5145,6,12,2904.714
JO-5280,20,9,1694.8500000000001
JO-5550,13,19,4203.78
JP-15460,37,57,10916.36982
JP-15520,9,64,16429.04996
JP-16135,44,55,10163.5086
JP-5460,189,21,3294.018
JP-5520,113,10,2227.524
JP-6135,27,21,4432.650000000001
JR-15670,13,32,13338.0916
JR-15700,8,28,9568.31976
JR-16210,19,46,12589.959
JR-5670,129,16,2585.034
JR-5700,14,8,1673.163
JR-6210,38,11,1033.29
JS-15595,6,35,9334.6385
JS-15685,41,61,14338.5195
JS-15880,12,32,10443.1001
JS-15940,6,25,3874.766
JS-16030,22,63,19218.81298
JS-5595,680,14,806.691
JS-5685,143,8,1944.06
JS-5880,209,10,1745.997
JS-5940,24,28,2927.3399999999997
JS-6030,219,7,1573.038
JW-15220,13,61,23103.7263
JW-15955,6,56,10640.8287
JW-16075,2,53,19852.773
JW-5220,101,14,7184.724
JW-5955,107,4,307.8
JW-6075,267,8,747.21
KA-16525,17,75,17449.90012
KA-6525,94,11,1429.884
KB-16240,5,38,9900.698
KB-16315,3,66,14542.76228
KB-16405,20,63,13786.0925
KB-16585,94,64,16385.749499999998
KB-16600,2,42,10295.9567
KB-6240,202,17,1945.32
KB-6315,23,27,2957.715
KB-6405,388,5,238.548
KB-6585,372,2,216.78000000000003
KB-6600,10,14,1167.738
KC-16255,45,45,9321.9643
KC-16540,42,46,18897.130259999998
KC-16675,3,49,13531.28104
KC-6255,58,18,1094.358
KC-6540,34,9,505.893
KC-6675,20,4,391.842
KD-16270,37,62,23204.2675
KD-16345,42,32,11157.0404
KD-16495,47,68,24996.5031
KD-16615,76,53,12348.44362
KD-6270,812,2,813.06
KD-6345,58,7,536.46
KD-6495,399,10,1454.76
KD-6615,187,3,205.98
KE-16420,27,61,12928.68672
KE-6420,252,6,622.452
KF-16285,38,40,15164.8685
KF-6285,33,22,3100.152
KH-16330,17,47,15045.6445
KH-16360,2,64,9983.5094
KH-16510,23,65,15340.396
KH-16630,9,45,7220.70456
KH-16690,3,76,18158.4601
KH-6330,20,27,3371.208
KH-6360,101,11,2221.365
KH-6510,16,14,1544.34
KH-6630,327,12,1795.866
KH-6690,239,12,1696.014
KL-16555,16,62,12064.3877
KL-16645,48,67,22553.1085
KL-6555,176,24,2184.06
KL-6645,1,15,1576.296
KM-16225,1,40,7754.5516
KM-16375,3,70,16394.46064
KM-16660,16,56,10785.2626
KM-16720,29,62,14041.02
KM-6225,372,3,891.3629999999999
KM-6375,322,11,2124.699
KM-6660,31,5,188.544
KM-6720,350,7,2928.654
KN-16390,20,55,19350.14634
KN-16450,38,54,16294.6981
KN-16705,99,35,5884.778
KN-6390,274,4,318.72
KN-6450,94,12,1767.282
KN-6705,124,11,4830.858
KS-16300,36,39,5103.36318
KS-6300,107,4,221.61
KT-16465,44,69,15725.0362
KT-16480,28,31,6240.6521
KT-6465,106,13,1532.124
KT-6480,85,14,2119.74
KW-16435,27,47,15319.9656
KW-16570,23,58,9256.0553
KW-6435,148,11,427.28999999999996
KW-6570,49,13,2577.7200000000003
LA-16780,14,66,24273.0019
LA-6780,2,20,3589.44
LB-16735,10,52,12686.03922
LB-16795,40,73,24589.87022
LB-6735,138,11,1897.95
LB-6795,57,15,1796.115
LC-16870,28,55,9859.89236
LC-16885,17,51,17058.8144
LC-16930,42,50,11660.69496
LC-16960,3,35,11812.0975
LC-17050,5,43,12933.87382
LC-17140,14,60,13128.24376
LC-6870,24,11,1220.451
LC-6885,210,18,1828.086
LC-6930,72,17,5080.688999999999
LC-6960,192,15,2487.402
LC-7050,7,15,7193.652
LC-7140,17,11,2954.43
LD-16855,43,58,13361.93258
LD-17005,50,49,11461.65464
LD-6855,81,13,2822.706
LD-7005,44,9,361.686
LE-16810,15,52,10429.2537
LE-6810,64,9,1049.52
LF-17185,23,55,12864.7205
LF-7185,178,6,556.518
LH-16750,13,44,7945.0902
LH-16900,22,52,12098.37728
LH-17020,42,37,8189.785800000001
LH-17155,76,60,14063.4898
LH-6750,126,6,745.65
LH-6900,307,3,840.792
LH-7020,59,6,973.212
LH-7155,128,12,3228.75
LL-16840,27,43,11287.78406
LL-6840,36,23,3649.152
LM-17065,85,36,9249.383
LM-7065,8,14,6280.47
LO-17170,3,54,11256.3236
LO-7170,5,15,2281.185
LP-17080,41,41,7631.9895
LP-17095,10,62,15598.1516
LP-7080,185,13,1831.338
LP-7095,1,9,1011.36
LR-16915,27,56,22434.08756
LR-17035,46,60,16118.9722
LR-6915,685,9,468.654
LR-7035,107,18,2677.98
LS-16945,28,42,10420.11776
LS-16975,21,48,8646.9157
LS-17200,16,54,15258.74122
LS-17230,5,60,10577.17148
LS-17245,35,45,10758.988000000001
LS-6945,7,21,2726.034
LS-6975,179,11,716.184
LS-7200,384,4,340.656
LS-7230,100,19,1164.348
LS-7245,218,9,953.151
LT-16765,7,50,17253.78294
LT-17110,35,55,12986.77316
LT-6765,9,6,1365.33
LT-7110,56,19,8234.994
LW-16825,23,43,9990.855239999999
LW-16990,24,37,9111.8495
LW-17125,42,26,5369.269
LW-17215,22,47,10529.49144
LW-6825,33,20,881.754
LW-6990,15,21,1869.771
LW-7125,34,15,2677.341
LW-7215,133,6,1522.014
MA-17560,65,74,10813.79188
MA-17995,43,42,10006.45034
MA-7560,233,8,1628.166
MA-7995,17,17,1928.007
MB-17305,2,48,16729.34532
MB-18085,45,58,14744.230880000001
MB-7305,23,12,4874.589
MB-8085,12,13,1703.508
MC-17275,45,59,11680.0495
MC-17425,24,61,15055.40518
MC-17575,28,58,14281.65306
MC-17590,52,46,10118.84168
MC-17605,50,54,13019.2019
MC-17635,6,68,21113.5107
MC-17845,2,58,14947.88402
MC-18100,42,58,11353.7466
MC-18130,52,49,8532.703
MC-7275,236,10,4301.043
MC-7425,36,13,1489.851
MC-7575,10,17,3619.188
MC-7590,337,9,1554.06
MC-7605,196,4,208.41
MC-7635,665,12,695.286
MC-7845,35,7,991.728
MC-8100,105,4,659.34
MC-8130,288,8,826.35
MD-17350,27,60,16455.32732
MD-17860,37,47,15575.64874
MD-7350,83,10,1374.198
MD-7860,104,12,6853.512
ME-17320,6,69,24527.029
ME-17725,29,51,7839.8866
ME-18010,43,48,10547.63192
ME-7320,21,15,1720.1879999999999
ME-7725,12,21,2083.875
ME-8010,393,1,160.5
MF-17665,52,53,13366.53134
MF-18250,8,75,20425.299600000002
MF-7665,49,3,161.91
MF-8250,63,11,1517.5500000000002
MG-17650,20,50,12717.26968
MG-17680,37,61,16061.6441
MG-17695,1,59,16221.6268
MG-17875,6,59,14452.82062
MG-17890,6,62,13162.2489
MG-18145,3,43,18147.9582
MG-18205,3,54,16362.8956
MG-7650,496,1,301.71
MG-7680,75,22,4298.478
MG-7695,336,15,2104.596
MG-7875,404,2,80.19
MG-7890,374,1,19.128
MG-8145,282,8,5229.1140000000005
MG-8205,2,14,1648.944
MH-17290,38,57,13718.69666
MH-17440,9,57,7945.0458
MH-17455,55,42,9974.27472
MH-17620,24,48,11038.31378
MH-17785,1,49,11676.13204
MH-18025,21,40,11753.7025
MH-18115,6,56,12017.105
MH-7290,738,7,1685.34
MH-7440,97,16,3357.7799999999997
MH-7455,93,22,4747.371
MH-7620,246,12,1179.666
MH-7785,8,13,1914.834
MH-8025,15,10,1095.426
MH-8115,59,11,1260.702
MJ-17740,22,53,15347.655
MJ-7740,160,7,1136.898
MK-17905,22,57,13202.4489
MK-18160,23,53,10043.3188
MK-7905,150,17,1244.955
MK-8160,41,29,2697.066
ML-17395,1,44,14507.07948
ML-17410,34,55,14981.7043
ML-17755,2,50,14425.1044
ML-18040,8,37,8677.599
ML-18265,101,59,14674.00116
ML-7395,133,13,1049.4
ML-7410,170,5,193.134
ML-7755,27,13,1108.5
ML-8040,45,10,1690.896
ML-8265,9,12,1170.72
MM-17260,5,53,15713.71812
MM-17920,8,67,20383.654
MM-18055,16,49,11163.587
MM-18280,13,36,7134.304
MM-7260,132,13,5510.358
MM-7920,29,11,1350.03
MM-8055,34,17,1924.911
MM-8280,72,19,3586.695
MN-17935,9,45,12870.93412
MN-7935,31,10,2175.33
MO-17500,37,50,10314.4082
MO-17800,7,40,13709.1228
MO-17950,7,24,4527.392
MO-7500,282,7,810.8699999999999
MO-7800,15,18,4294.2660000000005
MO-7950,99,5,933.192
MP-17470,6,49,12928.8028
MP-17965,28,84,17228.4977
MP-18175,17,65,22045.252800000002
MP-7470,544,3,58.11
MP-7965,197,10,567.093
MP-8175,91,17,2169.174
MR-17545,98,56,19246.7123
MR-7545,101,20,2325.24
MS-17365,6,68,20317.0067
MS-17530,16,47,13335.04236
MS-17710,30,49,8500.63026
MS-17770,35,66,17382.93504
MS-17830,24,55,11783.3973
MS-17980,27,64,16210.5722
MS-7365,112,11,1365.54
MS-7530,52,16,1456.806
MS-7710,64,12,1529.46
MS-7770,99,7,538.56
MS-7830,5,15,4322.904
MS-7980,7,13,1654.644
MT-17815,50,47,13845.5188
MT-18070,128,53,10920.3999
MT-7815,177,12,1500.588
MT-8070,324,15,6851.922
MV-17485,17,51,10563.3673
MV-18190,20,48,15577.035600000001
MV-7485,471,6,952.536
MV-8190,8,14,3995.04
MW-18220,18,63,20592.081299999998
MW-18235,17,59,17933.0609
MW-8220,45,11,2476.497
MW-8235,1,7,1070.772
MY-17380,30,50,14724.1472
MY-18295,1,85,25570.49418
MY-7380,323,6,1745.5739999999998
MY-8295,44,23,4072.167
MZ-17335,22,42,14463.9343
MZ-17515,24,55,13383.976840000001
MZ-7335,113,11,3494.226
MZ-7515,79,22,3193.161
NB-18580,453,17,4875.5984
NB-18655,20,42,9647.2046
NB-8580,429,14,1059.477
NB-8655,111,9,434.616
NC-18340,6,56,13905.34712
NC-18415,40,39,9255.794
NC-18535,7,36,11054.378
NC-18625,21,56,16901.51758
NC-8340,36,20,2707.962
NC-8415,107,10,1503.426
NC-8535,139,14,1250.871
NC-8625,462,3,442.32
ND-18370,13,54,10913.15082
ND-18460,6,44,12061.44172
ND-8370,34,9,2790.234
ND-8460,9,13,2722.98
NF-18385,8,65,28044.3595
NF-18475,7,46,10630.9149
NF-18595,12,35,10535.301519999999
NF-8385,2,30,3736.899
NF-8475,44,16,2019.006
NF-8595,513,8,1731.936
NG-18355,49,50,9262.72936
NG-18430,28,49,18970.41454
NG-8355,104,16,2746.47
NG-8430,19,16,3749.829
NH-18610,21,63,19181.9263
NH-8610,6,9,2121.522
NK-18490,27,52,11483.193
NK-8490,207,11,2395.35
NL-18310,26,39,10587.3308
NL-8310,576,4,251.322
NM-18445,31,60,20223.2359
NM-18520,20,48,12328.606
NM-8445,34,15,4053.7200000000003
NM-8520,159,6,1540.53
NP-18325,2,54,11778.491
NP-18670,59,40,12839.01426
NP-18685,15,54,11363.4332
NP-18700,29,45,14036.4335
NP-8325,16,11,1336.686
NP-8670,227,8,2871.87
NP-8685,115,12,4994.849999999999
NP-8700,38,17,1880.622
NR-18550,3,52,10993.42058
NR-8550,15,16,1898.481
NS-18505,7,66,14834.28974
NS-18640,37,74,14866.087
NS-8505,14,9,962.8530000000001
NS-8640,48,18,1771.437
NW-18400,173,60,15326.833059999999
NW-8400,118,19,7046.736
NZ-18565,86,60,19941.69812
NZ-8565,100,6,328.584
ON-18715,48,63,17763.94824
ON-8715,460,11,1507.758
OT-18730,34,68,19493.76566
OT-8730,243,5,265.05
PA-19060,24,43,6723.23276
PA-9060,178,13,3670.581
PB-18805,9,46,12075.39774
PB-19105,58,35,8087.781
PB-19150,6,54,7907.2555600000005
PB-19210,9,61,18967.662
PB-8805,121,16,2787.672
PB-9105,1,12,1808.208
PB-9150,42,22,3478.443
PB-9210,308,23,5302.197
PC-18745,3,38,10693.49644
PC-19000,22,37,9474.0653
PC-8745,58,10,1246.56
PC-9000,573,11,1160.43
PF-19120,85,66,27993.04966
PF-19165,92,57,16018.8427
PF-19225,3,53,11915.1997
PF-9120,84,21,1882.95
PF-9165,35,10,2007.642
PF-9225,15,15,1474.272
PG-18820,21,67,14635.9446
PG-18895,3,72,13941.6862
PG-8820,31,11,1846.56
PG-8895,300,20,1981.302
PH-18790,58,31,9435.5663
PH-8790,115,10,1746.8400000000001
PJ-18835,40,31,13639.502
PJ-19015,20,46,9230.87916
PJ-8835,43,14,801.405
PJ-9015,197,19,6612.66
PK-18910,99,30,7282.58156
PK-19075,9,63,17668.910499999998
PK-8910,122,9,948.456
PK-9075,495,10,992.784
PL-18925,16,41,14256.7186
PL-8925,50,6,759.21
PM-18940,22,34,12893.5944
PM-19135,13,35,9857.6599
PM-8940,56,14,1448.856
PM-9135,302,11,1429.296
PN-18775,16,50,11370.46522
PN-8775,54,8,1522.1100000000001
PO-18850,5,97,25274.4702
PO-18865,1,61,21051.0598
PO-19180,161,52,16753.1715
PO-19195,87,46,10872.01088
PO-8850,128,5,1432.9859999999999
PO-8865,353,17,2973.15
PO-9180,30,21,1231.068
PO-9195,34,23,8227.356
PP-18955,55,72,21884.1846
PP-8955,15,7,359.061
PR-18880,26,61,13243.62082
PR-8880,197,11,1085.6399999999999
PS-18760,30,58,15926.5494
PS-18970,28,63,18222.40482
PS-19045,21,72,29252.3194
PS-8760,348,8,1706.202
PS-8970,125,5,1395.948
PS-9045,62,10,829.356
PT-19090,7,36,8370.783
PT-9090,3,15,4686.03
PV-18985,9,53,12540.661
PV-8985,145,12,6390.636
PW-19030,8,55,12810.05846
PW-19240,2,48,7186.1398
PW-9030,58,14,1081.002
PW-9240,62,13,1237.53
QJ-19255,26,44,18192.9231
QJ-9255,62,9,387.051
RA-19285,6,49,16816.427
RA-19885,44,63,15435.49908
RA-19915,13,71,20975.19342
RA-19945,2,40,11696.0283
RA-9285,255,39,6226.686
RA-9885,126,12,503.26800000000003
RA-9915,140,5,420.65999999999997
RA-9945,21,15,2044.587
RB-19330,16,70,18359.76862
RB-19360,21,65,29197.634599999998
RB-19435,20,52,11618.07552
RB-19465,1,70,17178.4394
RB-19570,21,50,10961.631
RB-19645,151,42,5973.5944
RB-19705,17,29,9288.0836
RB-19795,33,72,19056.88134
RB-9330,113,13,4538.256
RB-9360,94,6,404.508
RB-9435,217,15,3179.154
RB-9465,288,9,3675.2400000000002
RB-9570,447,12,586.761
RB-9645,240,3,282.594
RB-9705,150,25,6018.072
RB-9795,31,5,255.288
RC-19825,119,44,7916.6733
RC-19960,23,44,7897.8691
RC-9825,742,1,37.44
RC-9960,113,6,1639.965
RD-19480,1,54,16487.1909
RD-19585,26,69,16315.107899999999
RD-19660,94,36,12947.9651
RD-19720,22,59,10902.5255
RD-19810,15,56,7091.09996
RD-19900,33,60,13485.748
RD-19930,43,52,9293.58832
RD-9480,48,12,1061.73
RD-9585,36,21,5168.4
RD-9660,28,20,3391.788
RD-9720,59,18,3833.712
RD-9810,54,14,3214.788
RD-9900,93,26,4837.2210000000005
RD-9930,29,19,6523.392
RE-19405,29,44,12073.09218
RE-19450,24,36,10660.48524
RE-9405,72,15,1967.403
RE-9450,16,31,5678.7029999999995
RF-19345,65,47,13391.2718
RF-19735,2,51,12139.0877
RF-19840,7,66,15077.47568
RF-9345,7,16,3208.026
RF-9735,119,8,950.13
RF-9840,139,12,571.722
RH-19495,25,49,13295.7486
RH-19510,21,43,11599.392960000001
RH-19555,8,37,8944.311
RH-19600,7,36,4629.69556
RH-9495,97,7,3057.21
RH-9510,701,15,1837.788
RH-9555,27,23,8753.469
RH-9600,174,11,3340.4700000000003
RK-19300,86,55,13480.92458
RK-9300,29,9,519.12
RL-19615,121,50,14866.82448
RL-9615,266,15,2420.226
RM-19375,19,48,16077.68112
RM-19675,5,36,11151.9605
RM-19750,17,28,6475.01086
RM-9375,10,14,2239.446
RM-9675,37,11,1715.094
RM-9750,41,9,929.175
RO-19780,36,58,18833.4355
RO-9780,5,21,3080.1059999999998
RP-19270,8,58,13725.5769
RP-19390,16,70,16114.907500000001
RP-19855,22,57,11043.0844
RP-9270,287,16,1274.352
RP-9390,271,21,5935.98
RP-9855,401,15,3569.139
RR-19315,20,44,11765.04038
RR-19525,1,54,15009.2866
RR-9315,233,10,1820.85
RR-9525,90,19,1376.91
RS-19420,77,58,14047.14948
RS-19765,37,39,13582.12128
RS-19870,20,43,7090.9567799999995
RS-9420,34,10,385.44
RS-9765,124,10,1524.1499999999999
RS-9870,21,13,1031.436
RW-19540,43,55,19423.6885
RW-19630,78,45,9425.9243
RW-19690,16,47,11200.142
RW-9540,27,13,5698.434
RW-9630,400,3,560.01
RW-9690,99,17,1398.996
SA-10830,11,12,872.676
SA-20830,64,52,15622.37866
SB-10170,27,13,1647.24
SB-10185,79,12,1268.436
SB-10290,192,16,1975.404
SB-20170,3,37,12950.934
SB-20185,75,59,21034.46172
SB-20290,42,37,18538.5328
SC-10020,265,9,476.334
SC-10050,43,21,2311.8540000000003
SC-10095,226,16,918.522
SC-10230,195,4,1793.907
SC-10260,142,21,3166.518
SC-10305,17,21,3207.18
SC-10380,276,8,1556.16
SC-10440,93,16,1929.081
SC-10575,374,3,328.02
SC-10680,190,19,6344.79
SC-10695,175,11,1468.8990000000001
SC-10725,92,12,2944.494
SC-10770,185,11,2033.208
SC-10800,360,3,89.286
SC-10845,54,5,1368.1200000000001
SC-20020,9,60,10579.47
SC-20050,41,69,16813.21902
SC-20095,76,53,25602.61
SC-20230,17,60,20333.868
SC-20260,1,53,9366.1924
SC-20305,30,55,17696.722
SC-20380,31,77,16122.72424
SC-20440,10,40,7677.43526
SC-20575,28,54,9685.4243
SC-20680,22,52,13477.05528
SC-20695,10,63,21931.0435
SC-20725,8,61,13975.42408
SC-20770,41,72,14495.11408
SC-20800,31,42,11321.2786
SC-20845,9,41,9898.62502
SD-10485,41,11,1157.3429999999998
SD-20485,16,74,16802.0649
SE-10110,79,7,613.71
SE-20110,10,75,29532.62502
SF-10065,230,17,3861.429
SF-10200,142,20,2633.3160000000003
SF-10965,181,13,2476.302
SF-20065,59,34,7395.746
SF-20200,6,53,13019.6294
SF-20965,49,34,6777.6808
SG-10080,370,9,1078.728
SG-10470,129,8,3086.67
SG-10605,234,11,2816.067
SG-10890,401,11,1424.778
SG-20080,4,41,10774.5034
SG-20470,91,51,10730.2773
SG-20605,76,55,10128.53856
SG-20890,17,47,11260.30386
SH-10395,64,6,129.03
SH-10635,159,8,658.98
SH-19975,26,57,10893.50994
SH-20395,24,62,12849.17384
SH-20635,31,47,13546.7458
SH-9975,65,20,8058.147
SJ-10125,295,21,2961.189
SJ-10215,57,14,1359.252
SJ-10500,275,3,454.06800000000004
SJ-20125,33,58,10562.092
SJ-20215,29,65,14709.69868
SJ-20500,176,49,12930.791
SK-19990,9,48,10932.97152
SK-9990,31,14,2358.858
SL-10155,167,26,2451.7799999999997
SL-20155,30,56,14380.691
SM-10005,105,16,6262.38
SM-10320,77,11,4045.638
SM-10905,133,12,1711.992
SM-10950,105,13,1336.308
SM-20005,148,38,6801.587500000001
SM-20320,22,39,31125.29496
SM-20905,38,29,6918.4824
SM-20950,26,51,11552.77814
SN-10560,14,18,1480.104
SN-10710,253,6,702.24
SN-20560,72,49,12738.710000000001
SN-20710,45,55,12703.94056
SO-10335,401,9,831.498
SO-20335,30,51,15534.94692
SP-10545,19,4,418.32
SP-10620,140,6,299.568
SP-10650,170,9,770.895
SP-10860,399,4,503.496
SP-10920,108,8,896.391
SP-20545,17,32,6801.1987
SP-20620,6,72,19113.6707
SP-20650,21,37,10377.86844
SP-20860,55,48,12994.59246
SP-20920,7,60,28124.21286
SR-10425,45,7,281.20799999999997
SR-10740,22,12,2154.12
SR-20425,9,45,12721.24894
SR-20740,24,53,17220.18
SS-10140,30,16,3491.6279999999997
SS-10410,27,17,2348.46
SS-10515,675,5,424.53
SS-10590,29,6,940.38
SS-10875,251,5,556.314
SS-20140,16,68,20138.603039999998
SS-20410,34,50,15759.48198
SS-20515,1,31,7480.62162
SS-20590,6,55,12181.4264
SS-20875,15,38,4772.1508
ST-10530,96,10,943.26
ST-20530,7,55,14064.01106
SU-10665,49,17,3331.134
SU-20665,5,55,7442.46
SV-10365,184,12,1256.472
SV-10785,22,11,2969.43
SV-10815,9,18,7728.912
SV-10935,12,7,487.746
SV-20365,88,73,22376.44748
SV-20785,23,64,14262.9351
SV-20815,35,44,14575.50118
SV-20935,1,60,15197.6927
SW-10245,23,8,1901.91
SW-10275,50,10,1480.578
SW-10350,101,16,1244.454
SW-10455,8,14,2205.252
SW-10755,44,17,2346.906
SW-20245,13,48,13576.68382
SW-20275,22,58,15564.966699999999
SW-20350,13,30,6923.24944
SW-20455,8,28,6038.0162
SW-20755,16,89,23321.579999999998
SZ-10035,957,8,1164.15
SZ-20035,14,69,15192.376
TA-11385,9,15,4819.95
TA-21385,19,65,35668.120800000004
TB-11055,325,5,2355.138
TB-11175,217,9,850.326
TB-11190,115,8,1115.3700000000001
TB-11250,2,28,7270.836
TB-11280,157,15,1574.322
TB-11355,15,14,438.162
TB-11400,112,25,3103.323
TB-11520,19,19,3991.5209999999997
TB-11595,163,7,752.0699999999999
TB-11625,399,17,1810.752
TB-21055,36,71,13671.71072
TB-21175,40,60,16573.5984
TB-21190,50,30,10686.47152
TB-21250,3,61,11830.0907
TB-21280,58,52,10127.01266
TB-21355,55,53,9205.113
TB-21400,26,68,21375.988
TB-21520,31,72,16716.76172
TB-21595,29,39,8437.989
TB-21625,31,52,13266.1971
TC-10980,48,29,3239.064
TC-11145,13,21,3799.926
TC-11295,13,7,730.908
TC-11475,205,18,1907.7540000000001
TC-11535,371,10,2214.9719999999998
TC-20980,28,59,34218.269
TC-21145,12,63,18419.94306
TC-21295,28,60,19391.8981
TC-21475,2,49,10722.52656
TC-21535,1,45,8888.0601
TD-10995,181,10,780.378
TD-20995,1,48,6924.1875
TG-11310,161,4,714.417
TG-11640,31,16,4906.533
TG-21310,15,59,12305.231600000001
TG-21640,6,59,13973.7773
TH-11100,254,12,1856.19
TH-11115,120,6,1870.17
TH-11235,231,22,3901.3469999999998
TH-11550,390,8,283.83
TH-21100,7,47,13684.8726
TH-21115,44,58,13483.62368
TH-21235,9,45,12896.252
TH-21550,6,47,12808.9063
TM-11010,243,4,300.666
TM-11490,56,25,2063.022
TM-21010,65,51,14158.9626
TM-21490,41,55,13908.8563
TN-11040,55,3,187.35
TN-21040,23,50,9410.26404
TP-11130,140,9,1261.449
TP-11415,642,11,1950.9479999999999
TP-11565,104,6,857.37
TP-21130,3,79,22697.57728
TP-21415,49,39,10926.72382
TP-21565,15,62,12429.8013
TR-11325,169,18,2395.716
TR-21325,2,47,10033.18706
TS-11085,220,19,1390.68
TS-11160,106,15,1130.07
TS-11205,308,4,641.646
TS-11340,41,10,1631.316
TS-11370,19,18,4573.584
TS-11430,119,17,5812.08
TS-11505,288,7,2123.946
TS-11610,176,8,2011.14
TS-11655,203,7,452.88
TS-21085,42,41,5395.2094
TS-21160,9,48,6805.942
TS-21205,27,64,13888.62492
TS-21340,9,66,16997.02948
TS-21370,37,57,23201.678
TS-21430,20,52,9532.9166
TS-21505,12,59,17613.4163
TS-21610,21,75,20565.95
TS-21655,85,49,9525.457199999999
TT-11070,38,3,1572.33
TT-11220,6,12,1826.4
TT-11265,95,22,5049.042
TT-11460,43,13,1649.784
TT-21070,15,61,15673.063900000001
TT-21220,38,51,13224.56416
TT-21265,2,33,4730.638
TT-21460,13,71,18432.013460000002
TW-11025,20,12,323.109
TW-21025,42,47,13931.8966
TZ-11445,369,10,745.14
TZ-11580,49,7,403.014
TZ-21445,9,63,14601.6714
TZ-21580,36,41,10455.5278
VB-11745,5,7,783.63
VB-21745,13,38,9961.05
VD-11670,1,18,1230.051
VD-21670,37,49,14754.8714
VF-11715,95,8,602.352
VF-21715,14,41,12000.133
VG-11790,148,7,386.172
VG-11805,136,7,1190.22
VG-21790,111,43,9908.6065
VG-21805,3,54,22573.37116
VM-11685,14,14,858.978
VM-11835,9,7,1270.4099999999999
VM-21685,33,54,13708.12232
VM-21835,112,29,2621.817
VP-11730,29,9,432.0
VP-11760,237,9,1615.662
VP-21730,31,49,11629.269
VP-21760,76,51,16935.5635
VS-11820,23,11,1136.214
VS-21820,139,29,10275.775
VT-11700,31,11,1271.442
VT-21700,8,61,18099.3061
VW-11775,8,9,1253.166
VW-21775,7,57,15785.3774
WB-11850,115,5,182.532
WB-21850,21,79,16704.6612
XP-11865,161,6,1011.798
XP-21865,44,55,11187.1526
YC-11895,100,5,166.299
YC-21895,5,51,19998.0786
YS-11880,5,8,1328.832
YS-21880,10,54,18703.606
ZC-11910,201,1,7.173
ZC-21910,4,84,28472.81926
ZD-11925,4,18,2951.226
ZD-21925,2,36,9479.3444
